species,avg,stdev,lower95,upper95,habitat,tipping_pt
abetow,0.4398931072842824,0.00902209465510638,0.4222098017602739,0.4575764128082909,Aridlands,NA
acafly,0.439969938225336,0.00137486936019164,0.4372751942793604,0.44266468217131166,Forest,NA
acowoo,0.439781009121129,0.00455064664499367,0.43086174169694136,0.44870027654531663,Forest,NA
aldfly,0.4400058109306999,0.0014176248833712,0.4372272661592923,0.44278435570210745,Forest,NA
allhum,0.43984318133690176,0.01073088500724641,0.4188106467226988,0.4608757159511047,Aridlands,Tipping Point
ambduc,0.4396540887852215,0.00908980360362659,0.4218380737221134,0.4574701038483297,Water/wetland,NA
ameavo,0.4395439047757636,0.01609606138704942,0.4079956244571468,0.4710921850943805,Water/wetland,NA
amebit,0.43997275672737673,0.00169791966999201,0.4366448341741923,0.4433006792805611,Water/wetland,NA
amecro,0.44005804668334303,0.00111597544619363,0.4378707348088035,0.44224535855788255,Habitat Generalist,NA
amedip,0.43999566840505205,0.00364392230011701,0.4328535806968227,0.4471377561132814,Water/wetland,NA
amegfi,0.4400044385490378,4.840453508979277e-4,0.43905570966127794,0.4409531674367978,Forest,NA
amekes,0.4399976799490991,5.500369180838976e-4,0.43891960758965465,0.4410757523085436,Habitat Generalist,NA
amepip,0.4400098507844817,0.00113889606565908,0.4377776144957899,0.4422420870731735,Water/wetland,NA
amered,0.4399929834402053,7.790347733885645e-4,0.4384660752843637,0.441519891596047,Forest,NA
amerob,0.44004195771485743,0.00156293686402742,0.4369786014613637,0.4431053139683512,Forest,NA
amewig,0.4398595718416425,0.0041493127535579,0.43172691884466896,0.447992224838616,Water/wetland,NA
amewoo,0.4399828574975211,0.00106688445845242,0.4378917639589543,0.4420739510360878,Forest,NA
amgplo,0.4400960066441222,0.00439163873802046,0.4314883947176021,0.4487036185706423,Water/wetland,Tipping Point
amtspa,0.43996157093806165,9.553455031815608e-4,0.4380890937518258,0.4418340481242975,Water/wetland,NA
amwpel,0.4400301981938765,0.00579551707211666,0.42867098473252785,0.4513894116552252,Water/wetland,NA
anhing,0.43996847147627144,0.00347181049623381,0.4331637229036532,0.4467732200488897,Water/wetland,NA
annhum,0.4399147308920189,0.00299054798745319,0.4340532568366106,0.44577620494742715,Aridlands,NA
arcter,0.44641646813759334,0.21446039650250168,0.02607409099269003,0.8667588452824966,Water/wetland,NA
arcwar1,0,0,0,0,Water/wetland,NA
astfly,0.439981399606036,0.00119295792478895,0.4376432020734496,0.44231959713862234,Aridlands,NA
attwoo1,0.44008652039307794,0.00246555746167274,0.4352540277681994,0.4449190130179565,Forest,NA
babwar,0.43997471737874977,0.00127680989268078,0.43747216998909544,0.4424772647684041,Forest,NA
bacspa,0.4401680969021033,0.00684703212228726,0.42674791394242023,0.45358827986178635,Forest,Tipping Point
baisan,0.4399277934168006,0.00219468926598926,0.4356262024554616,0.4442293843781396,Water/wetland,NA
baispa,0.43997674142809184,0.00309639035514365,0.4339078163320103,0.4460456665241734,Grasslands,Tipping Point
baleag,0.4400252177149051,0.00132201935957099,0.43743405977014593,0.4426163756596643,Water/wetland,NA
balori,0.4399924824697977,8.878495284781819e-4,0.43825229739398047,0.44173266754561497,Forest,NA
banswa,0.43999582907972007,0.00444913411219833,0.4312755262198113,0.4487161319396288,Habitat Generalist,NA
bargol,0.4402575370936672,0.00618698591947567,0.4281310446914948,0.4523840294958395,Water/wetland,NA
barswa,0.44000936095267135,0.00580760425431342,0.42862645661421706,0.4513922652911256,Habitat Generalist,NA
batpig1,0.43991077858670335,0.00339947392026136,0.4332478097029911,0.4465737474704156,Forest,NA
bawwar,0.4399812967531052,9.176538399766394e-4,0.438182695226751,0.4417798982794594,Forest,NA
bcnher,0.43995484976621385,0.00290614434677903,0.43425880684652696,0.44565089268590075,Water/wetland,NA
belkin1,0.4400045177713906,6.65703090592859e-4,0.4386997397138286,0.4413092958289526,Water/wetland,NA
belspa2,0.4399137324682582,0.00503304052284831,0.4300489730434755,0.4497784918930409,Aridlands,NA
belvir,0.4399942266477153,0.00155706085638171,0.4369423873692071,0.4430460659262235,Aridlands,NA
benthr,0.4403732031660494,0.00533442554811235,0.4299177290917492,0.4508286772403496,Aridlands,Tipping Point
bewwre,0.43995467712726455,0.00121704837013331,0.43756926232180327,0.44234009193272583,Aridlands,NA
bkbcuc,0.4400079881266453,0.00191355033557586,0.43625742946891666,0.443758546784374,Forest,Tipping Point
bkbmag1,0.4400231573896166,0.00140692751717761,0.43726557945594857,0.4427807353232848,Habitat Generalist,NA
bkbplo,0.4397503355143251,0.01213985512613371,0.415956219467103,0.4635444515615472,Water/wetland,NA
bkbwar,0.4400079627103944,0.00138026340449124,0.4373026464375916,0.4427132789831973,Forest,NA
bkbwoo,0.4400808776003177,0.00427457633242733,0.43170270798876015,0.4484590472118753,Forest,NA
bkcchi,0.4400094222608849,0.00117455618075459,0.4377072921466059,0.4423115523751639,Forest,NA
bkchum,0.44009791210667343,0.00177951841332512,0.43661005601655617,0.4435857681967907,Forest,NA
bkcspa,0.43976515439803104,0.00450537969047973,0.4309346102046907,0.4485956985913714,Aridlands,Tipping Point
bkhgro,0.4400196263983751,0.00111303997458862,0.4378380680481814,0.4422011847485688,Forest,NA
bknsti,0.4396687008742784,0.01077509066296264,0.4185495231748716,0.4607878785736852,Water/wetland,NA
bkpwar,0.43999025452627855,0.00106758207633726,0.4378977936566575,0.4420827153958996,Forest,NA
bktgna,0.44017898028329067,0.00341017821753146,0.433495030976929,0.44686292958965235,Aridlands,NA
bktspa,0.4399990341159139,0.0016494173990225,0.43676617601382983,0.4432318922179981,Aridlands,NA
bkwvir,0.44247992624298105,0.04881227198447027,0.3468078731534193,0.5381519793325428,Forest,NA
blctit4,0.4401188072178071,0.00354506882568732,0.43317047231945993,0.4470671421161543,Aridlands,NA
blkpho,0.43997031649127616,0.00243035459187156,0.4352068214912079,0.4447338114913445,Water/wetland,NA
blksco2,0.44038135435655057,0.01133635241999973,0.4181621036133511,0.4626006050997501,Water/wetland,Tipping Point
blkswi,0.4399446932683091,0.00662313495426582,0.42696334875794806,0.4529260377786702,Forest,Tipping Point
blkter,0.4399867406538136,0.00492235933137261,0.43033891636432325,0.4496345649433039,Water/wetland,NA
blkvul,0.44006620822575543,0.00148731592310934,0.4371510690164611,0.44298134743504974,Habitat Generalist,NA
blugrb1,0.439977358525744,7.98481232076274e-4,0.43841233531087453,0.4415423817406135,Forest,NA
blujay,0.4399997843801632,6.605867924658817e-4,0.43870503426693014,0.44129453449339634,Forest,NA
bncfly,0.43975282609883815,0.00304501188782645,0.4337846027986983,0.445721049398978,Aridlands,NA
bnhcow,0.4400433044844317,0.00258484597588708,0.434977006371693,0.4451096025971704,Habitat Generalist,NA
bnhnut,0.439914936500007,0.00248410886778005,0.43504608311915816,0.444783789880856,Forest,NA
boboli,0.4399110222386229,0.00376675286592075,0.4325281866214182,0.4472938578558276,Grasslands,Tipping Point
bohwax,0.44003771792132274,0.00338887910655646,0.4333955148724721,0.4466799209701734,Forest,NA
bongul,0.4398934411670586,0.00796157716370235,0.424288749926202,0.4554981324079152,Water/wetland,NA
borchi2,0.43988210653167714,0.00191041558360121,0.4361376919878188,0.4436265210755355,Forest,NA
botgra,0.44002092271911103,0.00971013548598329,0.4209890571665838,0.45905278827163826,Water/wetland,NA
brant,0.44000196193294494,0.02351263040038425,0.39391720634819183,0.48608671751769805,Water/wetland,NA
brdowl,0.4400305025089044,0.00102282234229606,0.43802577071800414,0.4420352342998047,Forest,NA
brebla,0.4400121320559688,0.00118842987794749,0.4376828094951917,0.4423414546167459,Habitat Generalist,NA
brespa,0.4400480226715915,0.00107574951950637,0.437939553613359,0.442156491729824,Aridlands,NA
britit,0.4395415266379096,0.00831371323791991,0.42324664869158657,0.4558364045842326,Forest,NA
brncre,0.4400113765382812,7.708616700220796e-4,0.4385004876650379,0.4415222654115245,Forest,NA
brnowl,0.4397923157660796,0.00305519347051493,0.43380413656387035,0.4457804949682889,Habitat Generalist,NA
brnthr,0.4399730171956531,6.607540254645072e-4,0.4386779393057426,0.4412680950855636,Forest,NA
brocow,0.4394668467883346,0.00666380793834208,0.4264057832291841,0.4525279103474851,Aridlands,NA
brthum,0.44005165182686456,0.00222995900987555,0.4356809321675085,0.44442237148622066,Forest,NA
brwhaw,0.4401208110190245,0.00338208777991015,0.43349191897040057,0.4467497030676485,Forest,NA
btbwar,0.4399436565575723,0.00198772105616316,0.4360477232874925,0.4438395898276521,Forest,NA
btnwar,0.43997009676845983,0.00122490425595678,0.43756928442678455,0.4423709091101351,Forest,NA
btywar,0.439982812036037,0.00156304182645578,0.4369192500561837,0.4430463740158904,Forest,NA
bubsan,0.4398829229224788,0.00899104074466123,0.4222604830629428,0.4575053627820147,Water/wetland,Tipping Point
buffle,0.4399323978604416,0.00302895756159822,0.4339956410397091,0.44586915468117416,Water/wetland,NA
buggna,0.4399939866958219,7.380827830692548e-4,0.43854734444100624,0.4414406289506377,Habitat Generalist,NA
buhvir,0.4399838063684566,0.00108324105058665,0.43786065390930673,0.4421069588276064,Forest,NA
bulori,0.4400232522554872,0.00104308066520011,0.437978814151695,0.44206769035927945,Forest,NA
burowl,0.439957533582553,0.00183491916264426,0.4363610920237702,0.44355397514133577,Grasslands,NA
bushti,0.44001194840104346,0.00211419875328493,0.43586811884460497,0.4441557779574819,Forest,NA
buwtea,0.43993363343235375,0.0017160438960078701,0.4365701873961783,0.4432970794685292,Water/wetland,NA
buwwar,0.43997611721296104,0.00190132499085798,0.4362495202308794,0.4437027141950427,Forest,NA
cacgoo1,0.44017446764981577,0.00386681666467754,0.4325955069870478,0.44775342831258375,Water/wetland,NA
cacwre,0.4400603975875575,0.00256293151580083,0.43503705181658786,0.44508374335852713,Aridlands,NA
calgul,0.43997872209238525,0.05227297662806719,0.33752368790137355,0.542433756283397,Water/wetland,NA
calhum,0.4401401245236944,0.00241249149395634,0.43541164119553993,0.4448686078518488,Forest,NA
calqua,0.43997022968391875,0.00261372203104177,0.4348473345030768,0.44509312486476066,Aridlands,NA
calthr,0.4398212222085902,0.00639043719219451,0.427295965311889,0.4523464791052915,Aridlands,NA
caltow,0.4400325382277347,0.00474575355870015,0.4307308612526824,0.449334215202787,Aridlands,NA
camwar,0.4399972789861869,0.00141351381582067,0.4372267919071784,0.4427677660651954,Forest,NA
cangoo,0.4399548211477889,0.00115022826336205,0.43770037375159926,0.4422092685439785,Water/wetland,NA
cantow,0.43997205340459106,0.00320872739000223,0.4336829477201867,0.44626115908899544,Aridlands,NA
canvas,0.4394231458777204,0.01890834699730149,0.4023627857630095,0.47648350599243133,Water/wetland,NA
canwar,0.4400068706832601,0.00176278647395824,0.4365518091943019,0.4434619321722183,Forest,Tipping Point
canwre,0.440113184224225,0.00281537889005052,0.434595041599726,0.445631326848724,Aridlands,NA
carchi,0.44000586484172527,0.00102857600644559,0.4379898558690919,0.44202187381435865,Forest,NA
carwre,0.43999223384258496,9.64597034303403e-4,0.4381016236553502,0.4418828440298197,Forest,NA
casfin,0.4400695332608146,0.00156836508724952,0.43699553768980554,0.4431435288318237,Forest,NA
caskin,0.43997207876122085,0.00204807187823195,0.4359578578798862,0.4439862996425555,Forest,NA
casspa,0.4399451915603692,0.00183840929168946,0.43634190934865785,0.44354847377208056,Grasslands,NA
caster1,0.4395785990881599,0.01493552607873752,0.4103049679738344,0.4688522302024854,Water/wetland,NA
casvir,0.44013763135724526,0.00154185874723084,0.4371155882126728,0.4431596745018177,Forest,NA
categr,0.44010536974948,0.00537756976653389,0.4295653330070736,0.4506454064918865,Water/wetland,NA
cavswa,0.44001529097655023,0.00228177475973923,0.43554301244746135,0.4444875695056391,Aridlands,NA
cedwax,0.4400292461128472,6.047457960659977e-4,0.43884394435255786,0.4412145478731366,Forest,NA
cerwar,0.439999241589071,0.00389320178639657,0.4323685660877337,0.4476299170904083,Forest,Tipping Point
chbchi,0.4399268446006971,0.00309422074378259,0.4338621719428832,0.445991517258511,Forest,NA
chclon,0.4399671657503508,0.00210059470595819,0.43585000012667274,0.4440843313740288,Grasslands,Tipping Point
chirav,0.44003023687381554,0.00322323062387044,0.4337127048510295,0.4463477688966016,Aridlands,NA
chispa,0.44000869875412785,5.137114564055702e-4,0.4390018242995729,0.4410155732086828,Forest,NA
chiswi,0.4400127485621532,0.00349053920362159,0.4331712917230549,0.44685420540125154,Forest,Tipping Point
chswar,0.44000340347675176,0.00126158042834226,0.43753070583720094,0.4424761011163026,Forest,NA
chwwid,0.4399706751181422,0.0016489237487756,0.436738784570542,0.4432025656657424,Forest,NA
cintea,0.4400324468311907,0.00281639962969084,0.43451230355699666,0.4455525901053848,Water/wetland,NA
clagre,0.44055320111037993,0.01360086966124073,0.4138954965743481,0.46721090564641177,Water/wetland,Tipping Point
clanut,0.4400971016690643,0.0023217950882207,0.43554638329615175,0.44464782004197695,Forest,NA
clcspa,0.4399857719909096,0.00100981641492104,0.4380065318176643,0.4419650121641549,Grasslands,NA
cliswa,0.4399943614836266,8.301703135992993e-4,0.4383672276689719,0.4416214952982811,Habitat Generalist,NA
cogdov,0.4398414711547271,0.00356145133155916,0.43286102654487113,0.4468219157645831,Aridlands,NA
comgal1,0.4398453183536139,0.00657659575947111,0.4269551906650505,0.4527354460421773,Water/wetland,NA
comgol,0.4396540244307284,0.00467187147570138,0.43049715633835367,0.4488108925231031,Water/wetland,NA
comgra,0.4406653118988106,0.01341920063719401,0.4143636786499103,0.46696694514771087,Habitat Generalist,NA
comloo,0.4398614690597625,0.00508840939195237,0.42988818665153583,0.4498347514679891,Water/wetland,NA
commer,0.43997400134883285,0.00803031220362842,0.42423458942972114,0.45571341326794457,Water/wetland,NA
comnig,0.4400086478062556,7.052109486811163e-4,0.4386264343468406,0.44139086126567056,Habitat Generalist,NA
compoo,0.4399712664426016,0.0014075264539017,0.43721251459295424,0.44273001829224895,Aridlands,NA
comrav,0.4399954434575079,6.534140359822978e-4,0.4387147519469826,0.4412761349680332,Habitat Generalist,NA
comred,0.43991299907801545,0.00117362856403358,0.4376126870925096,0.4422133110635213,Water/wetland,NA
comter,0.4399120573356878,0.02619303309463713,0.388573712470199,0.49125040220117655,Water/wetland,NA
comyel,0.4399834112907065,6.066180186335516e-4,0.4387944399741847,0.4411723826072282,Habitat Generalist,NA
conwar,0.4401123612899649,0.0056191063494853,0.4290989128449737,0.4511258097349561,Forest,NA
coohaw,0.44002773936934886,4.963456732412856e-4,0.4390549018497959,0.44100057688890176,Forest,NA
corfly,0.44005385913753775,0.00251606732927752,0.4351223671721538,0.4449853511029217,Forest,NA
coshum,0.4401125277941457,0.00355797802240235,0.4331388908702371,0.44708616471805435,Aridlands,NA
coukin,0.43958542238793386,0.00530047699014881,0.4291964874872422,0.4499743572886255,Aridlands,NA
cowscj1,0.43989026816487775,0.00393198260274866,0.4321835822634903,0.4475969540662651,Forest,NA
crithr,0.44010394139285186,0.00298424516327738,0.4342548208728282,0.44595306191287554,Aridlands,NA
cubthr,0.44000945794209767,0.00292822603593889,0.43427013491165745,0.4457487809725379,Aridlands,NA
daejun,0.4400106769814161,4.434407149243919e-4,0.43914153318016425,0.44087982078266785,Forest,NA
dickci,0.4399659815026866,0.00128320276258864,0.4374509040880129,0.44248105891736034,Grasslands,NA
doccor,0.43979342628235457,0.00852899213289617,0.42307660170187805,0.4565102508628311,Water/wetland,NA
dowwoo,0.43998594800831,6.953138565454344e-4,0.43862313284948096,0.4413487631671391,Forest,NA
dunlin,0.4399401402295475,0.01198408094312368,0.4164513415810251,0.4634289388780699,Water/wetland,NA
dusfly,0.44010811388515,0.00131298900176071,0.43753465544169895,0.442681572328601,Forest,NA
dusgro,0.4401363165165916,0.00302762971793018,0.43420216226944847,0.4460704707637348,Forest,NA
eargre,0.439604887189614,0.01884867675114789,0.4026614807573642,0.47654829362186385,Water/wetland,NA
easblu,0.44000227773762457,7.321977539714255e-4,0.4385671701398406,0.44143738533540855,Forest,NA
easkin,0.4399577303375457,8.594867276927029e-4,0.438273136351268,0.4416423243238234,Grasslands,NA
easmea,0.440005906241462,0.00105530673778626,0.43793750503540096,0.4420743074475231,Grasslands,NA
easowl1,0.43997458770241593,0.00113129437985546,0.4377572507178992,0.44219192468693264,Forest,NA
easpho,0.4399961516070184,7.395253883773547e-4,0.4385466818457987,0.441445621368238,Forest,NA
eastow,0.4399688352535591,0.00103815841761887,0.4379340447550261,0.4420036257520921,Forest,NA
easwpw1,0.4399686044008784,0.00207133668145876,0.4359087845052193,0.4440284242965376,Forest,Tipping Point
eawpew,0.4399969114376075,7.828482389198369e-4,0.43846252888932463,0.4415312939858904,Forest,NA
evegro,0.4400780190273835,0.00153169276184807,0.4370759012141613,0.44308013684060576,Forest,Tipping Point
ferhaw,0.43996407959532546,0.00132820037022774,0.4373608068696791,0.44256735232097183,Grasslands,NA
fiespa,0.4399887888961831,8.051499389867452e-4,0.438410695015769,0.4415668827765971,Forest,NA
fiscro,0.4399949175646168,0.00270398946484893,0.434695098213513,0.44529473691572075,Habitat Generalist,NA
forter,0.43970787030438624,0.00583794896701341,0.42826549032903993,0.45115025027973255,Water/wetland,NA
foxspa,0.4400706974443697,0.00104754574619193,0.4380175077818335,0.4421238871069059,Forest,NA
fragul,0.439885242863342,0.00901601214371399,0.4222138590616626,0.45755662666502145,Water/wetland,NA
fuwduc,0.4397426225831784,0.00836934518507721,0.423338706020427,0.4561465391459298,Water/wetland,NA
gadwal,0.4400319150856152,0.0019354272276101,0.43623847771949936,0.443825352451731,Water/wetland,NA
gamqua,0.44011706193086086,0.00304146921833878,0.4341557822629169,0.4460783415988049,Aridlands,NA
gbbgul,0.43977187982561416,0.01757550442168067,0.40532389115912,0.4742198684921083,Water/wetland,Tipping Point
gilfli,0.4402936269642673,0.00647933534095308,0.4275941296959993,0.45299312423253535,Aridlands,NA
gilwoo,0.4402045897302537,0.00527737071939731,0.429860943120235,0.45054823634027247,Aridlands,NA
gloibi,0.43962041780643535,0.00781331244663416,0.4243063254110323,0.45493451020183834,Water/wetland,NA
gnttow,0.4400295750081816,0.00129171346268419,0.4374978166213206,0.44256133339504267,Aridlands,NA
gnwtea,0.4399561777347299,0.00313724127456018,0.4338071848365919,0.44610517063286786,Water/wetland,NA
gockin,0.4399972831137233,8.151297101118116e-4,0.4383996288819042,0.4415949373455425,Forest,NA
gocspa,0.43994214321058506,0.00243778384006621,0.4351640868840553,0.4447201995371149,Water/wetland,NA
gofwoo,0.4397522193380358,0.00353866646628721,0.4328164330641129,0.4466880056119587,Aridlands,NA
goleag,0.43998724932906136,0.00108535660717942,0.43785995037898967,0.44211454827913305,Habitat Generalist,NA
gowwar,0.43999589274910006,0.00230714182638223,0.43547389476939086,0.44451789072880926,Forest,Tipping Point
graspa,0.4399724153381874,0.00107759928168029,0.437860320746094,0.4420845099302808,Grasslands,NA
grawar,0.44000949708983256,0.004830981669311,0.430540773017983,0.4494782211616821,Forest,Tipping Point
grbani,0.43950281992902773,0.00813826102877508,0.42355182831262855,0.4554538115454269,Habitat Generalist,NA
grbher3,0.43997890866749106,9.280778907010482e-4,0.438159876001717,0.4417979413332651,Water/wetland,NA
grcfly,0.4400003906418139,7.840831587541865e-4,0.43846358765065574,0.44153719363297217,Forest,NA
greegr,0.4399555196222072,0.00238943380270658,0.43527222936890225,0.4446388098755122,Water/wetland,NA
greroa,0.4399522299139357,0.0020547595941883,0.4359249011093266,0.4439795587185448,Aridlands,NA
gresca,0.4401666814900821,0.00979791229876497,0.4209627733845027,0.45937058959566146,Water/wetland,NA
greyel,0.4399498921842652,0.00186281199645893,0.4362987806712057,0.44360100369732475,Water/wetland,NA
grhowl,0.4399762064284541,6.324785853099258e-4,0.43873654840124665,0.4412158644556615,Habitat Generalist,NA
grnher,0.4400151183032665,0.00111823104755092,0.43782338545006666,0.4422068511564663,Water/wetland,NA
grnjay,0.43949917579438263,0.00583514090606307,0.428062299618499,0.45093605197026626,Aridlands,NA
grpchi,0.44001566826961536,0.00356968879597476,0.4330190782295048,0.4470122583097259,Grasslands,NA
grtgra,0.4398370631783633,0.00407068804599259,0.43185851460821784,0.4478156117485088,Habitat Generalist,NA
grycat,0.43998476121280344,7.615403328250349e-4,0.4384921421604664,0.4414773802651405,Forest,NA
gryfly,0.4399975207730297,0.00133939974163666,0.43737229727942184,0.4426227442666376,Forest,NA
gryjay,0.4399448575689473,0.00155332894838046,0.43690033283012153,0.44298938230777296,Forest,NA
grykin,0.4402585457239748,0.0279081224152795,0.3855586257900269,0.4949584656579226,Forest,NA
gryvir,0.4399128050797154,0.0031835708096553,0.43367300629279104,0.4461526038666398,Forest,NA
gwfgoo,0.4400088707321228,0.00217072696267753,0.4357542458852749,0.4442634955789708,Water/wetland,NA
gycthr,0.4399962750628412,0.00115348730800491,0.4377354399391516,0.44225711018653086,Forest,NA
haiwoo,0.4400190451612021,7.585241650420275e-4,0.43853233779771966,0.4415057525246845,Forest,NA
hamfly,0.4401167387087435,0.00158847074277969,0.4370033360528953,0.4432301413645917,Forest,NA
harduc,0.43992984480377223,0.00857149191458536,0.4231297206511849,0.45672996895635953,Water/wetland,NA
harspa,0.4400157783486901,0.001609125967146,0.4368618914530839,0.4431696652442963,Water/wetland,Tipping Point
henspa,0.43995614144437367,0.00293125773220079,0.43421087628926014,0.4457014065994872,Grasslands,Tipping Point
heptan,0.4398784669591615,0.00494730014813506,0.4301817586688167,0.44957517524950624,Forest,NA
hergul,0.43945246225492224,0.01041140238139431,0.41904611358738936,0.4598588109224551,Water/wetland,NA
herthr,0.440007597865386,7.084717255771521e-4,0.4386189932832548,0.4413962024475172,Forest,NA
herwar,0.4400072063958923,0.00349768015999947,0.4331517532822934,0.44686265950949133,Forest,NA
hoared,0.4401273018997008,0.0050594577651139,0.4302107646800776,0.4500438391193241,Water/wetland,NA
hoomer,0.44003733475206186,0.00235237581670832,0.43542667815131353,0.4446479913528102,Water/wetland,NA
hooori,0.43987077643742895,0.00305632739161692,0.43388037474985974,0.44586117812499815,Aridlands,NA
hoowar,0.4399183859786911,0.00175546420415677,0.4364776761385438,0.4433590958188384,Forest,NA
horgre,0.4399651699518725,0.00561205008386757,0.42896555178749207,0.45096478811625296,Water/wetland,NA
horlar,0.4399994073344515,0.00130659534835952,0.4374384804516668,0.4425603342172361,Grasslands,NA
houfin,0.4400464127607463,0.00145822878522906,0.4371882843416973,0.4429045411797953,Habitat Generalist,NA
houwre,0.4399987765727933,5.250639381214571e-4,0.4389696512540752,0.4410279018915113,Forest,NA
hrshaw,0.4395443475247537,0.00546151489720902,0.428839778326224,0.4502489167232834,Aridlands,NA
hudgod,0.4399354608119916,0.00396058262536443,0.4321727188662773,0.4476982027577059,Water/wetland,Tipping Point
hutvir,0.4398458733518213,0.0034631423771391,0.43305811429262864,0.44663363241101395,Forest,NA
incdov,0.4409850821321257,0.01420289902477513,0.4131474000435665,0.468822764220685,Aridlands,NA
indbun,0.43998722128193063,9.005628696649489e-4,0.4382221180573873,0.4417523245064739,Forest,NA
juntit1,0.439915892554022,0.002866667105139,0.4342972250279496,0.44553456008009445,Forest,NA
kenwar,0.43997359013110326,0.00169745341855551,0.4366465814307344,0.4433005988314721,Forest,NA
killde,0.4399825881435045,0.00102384879388917,0.43797584450748167,0.4419893317795272,Habitat Generalist,NA
kineid,0.4375351240914752,0.06801696084275155,0.30422188083968216,0.5708483673432682,Water/wetland,Tipping Point
kinrai4,0.4398004413420488,0.00621932085613918,0.427610572464016,0.4519903102200816,Water/wetland,Tipping Point
labwoo,0.43996325391379026,0.00176077118151082,0.43651214239802905,0.4434143654295515,Aridlands,NA
laplon,0.4400072308740427,0.00272227773018371,0.4346715665228827,0.4453428952252028,Water/wetland,NA
larbun,0.4400494898135259,0.00173585591165923,0.4366472122266738,0.4434517674003779,Grasslands,NA
larspa,0.43998103005247585,8.658249251646423e-4,0.4382840131991532,0.44167804690579854,Grasslands,NA
lawgol,0.4399780520761556,0.00387253050303104,0.43238789229021474,0.4475682118620965,Aridlands,NA
lazbun,0.4400358593324227,0.00104479832769067,0.43798805461014895,0.4420836640546964,Forest,NA
leabit,0.439842280737224,0.00451022515287268,0.4310022394375935,0.4486823220368544,Water/wetland,NA
leafly,0.44001059854518254,9.193529825695404e-4,0.4382086666993462,0.44181253039101887,Forest,NA
leasan,0.4398709319292475,0.00292265648789945,0.43414252521296454,0.4455993386455304,Water/wetland,NA
lecspa,0.4399665589616843,0.00183318506423464,0.4363735162357844,0.4435596016875842,Grasslands,Tipping Point
lecthr,0.4402348092091547,0.00663249224404016,0.42723512441083594,0.45323449400747345,Aridlands,Tipping Point
lesgol,0.44000112901968774,0.00145650709079962,0.4371463751217205,0.442855882917655,Forest,NA
lesnig,0.4400754800765921,0.00241821551381158,0.43533577766952136,0.4448151824836628,Aridlands,NA
lessca,0.4401877550563805,0.00593000319543598,0.428564948793326,0.45181056131943503,Water/wetland,NA
lesyel,0.4400921034042816,0.00299375497840585,0.43422434364660606,0.445959863161957,Water/wetland,Tipping Point
lewwoo,0.4399674028688101,0.00279477239959711,0.4344896489655997,0.44544515677202046,Forest,NA
libher,0.4399829743453651,0.00300046485954324,0.4341020632206604,0.4458638854700699,Water/wetland,NA
limpki,0.4399894367937391,0.01052264475235683,0.4193650530791197,0.4606138205083585,Water/wetland,NA
linspa,0.440015117605888,5.552127895158031e-4,0.438926900538437,0.441103334673339,Forest,NA
lobcur,0.4399410455033418,0.00449658659628595,0.43112773577462127,0.4487543552320622,Grasslands,NA
lobdow,0.4399660215175965,0.00461649466052951,0.4309176919829586,0.4490143510522343,Water/wetland,Tipping Point
lobthr,0.439576257026868,0.00521465420197903,0.42935553479098915,0.4497969792627469,Aridlands,NA
loeowl,0.4399635429612682,0.00191666686501571,0.4362068759058374,0.44372021001669903,Forest,NA
logshr,0.43999797083189934,8.970110114600113e-4,0.4382398292494377,0.44175611241436097,Grasslands,NA
lotduc,0.44029395650509073,0.02203277687640652,0.3971097138273339,0.4834781991828475,Water/wetland,NA
louwat,0.4399941424569739,0.0014449658870884,0.4371620093182806,0.4428262755956672,Forest,NA
lucwar,0.44001896486102254,0.00326662330790444,0.4336163831775298,0.44642154654451527,Aridlands,NA
macwar,0.44009157561340706,0.00105448999909239,0.4380247752151859,0.44215837601162816,Forest,NA
magwar,0.44000228427389126,9.87577333867488e-4,0.43806663269951096,0.4419379358482716,Forest,NA
mallar3,0.44002940022817266,0.00336661750916791,0.43343082991020354,0.4466279705461418,Water/wetland,NA
margod,0.4398261930283941,0.01953344331544932,0.4015406441301134,0.4781117419266748,Water/wetland,NA
marwre,0.44001477016176255,0.00143371231132904,0.4372046940315576,0.4428248462919675,Water/wetland,NA
mcclon,0.43993971766545226,0.0036579228023349,0.43277018897287584,0.4471092463580287,Grasslands,Tipping Point
merlin,0.43996424259398914,7.36742511919803e-4,0.43852022727062634,0.44140825791735194,Habitat Generalist,NA
mewgul,0.4368759495746344,0.17516228856445526,0.09355786398830213,0.7801940351609667,Water/wetland,NA
mexjay4,0.4392919449422399,0.01104224241943166,0.41764914980015383,0.46093474008432594,Forest,NA
miskit,0.44003275509944034,0.0016784629824429,0.43674296765385223,0.44332254254502845,Forest,NA
motduc,0.4395420710198774,0.00808489137463975,0.4236956839255835,0.45538845811417134,Water/wetland,Tipping Point
moublu,0.4400110334578549,0.00101846715115217,0.4380148378415966,0.4420072290741131,Forest,NA
mouchi,0.44010412055904097,0.0019056671477507,0.4363690129494496,0.4438392281686323,Forest,NA
moudov,0.4399718817365551,5.85834555501164e-4,0.4388236460077729,0.44112011746533736,Habitat Generalist,NA
mouplo,0.43948844317069496,0.0110214229780598,0.41788645413369774,0.4610904322076922,Grasslands,Tipping Point
mouqua,0.4401352784079576,0.00434268945891955,0.4316236070684753,0.44864694974744,Forest,NA
mouwar,0.4400840650668134,0.00224716013814728,0.43567963119604475,0.4444884989375821,Forest,Tipping Point
naswar,0.4400398188359297,8.32164607158523e-4,0.43840877620589896,0.4416708614659604,Forest,NA
nopowl,0.44011670779543327,0.00256200044426028,0.43509518692468313,0.4451382286661834,Forest,NA
norbob,0.4399420702514437,0.001283119403245,0.4374271562210835,0.4424569842818039,Forest,NA
norcar,0.4400157477869968,7.090413336698601e-4,0.43862602677300383,0.4414054688009897,Forest,NA
norfli,0.4400071160067982,3.344451510931304e-4,0.43935160351065566,0.44066262850294075,Forest,NA
norgos,0.439987978650725,0.00102137288056679,0.4379860878048141,0.4419898694966359,Forest,NA
norhar2,0.43999118260373926,8.006260042141526e-4,0.43842195563547953,0.441560409571999,Habitat Generalist,NA
normoc,0.4400126325060016,8.285120190492683e-4,0.4383887489486651,0.4416365160633382,Habitat Generalist,NA
norpar,0.4399915827803549,0.00113283660792255,0.43777122302882665,0.4422119425318831,Forest,NA
norpin,0.43998127629805434,0.00237937675920566,0.4353176978500112,0.44464485474609744,Water/wetland,NA
norsho,0.43997279337087863,0.00453374003472125,0.431086662902825,0.4488589238389323,Water/wetland,NA
norshr4,0.4399759372840641,7.957733603781602e-4,0.4384162214977229,0.44153565307040527,Water/wetland,NA
norwat,0.440022440076859,9.34376161203151e-4,0.4381910628009008,0.44185381735281715,Forest,NA
nrwswa,0.43997818235879954,0.00146318193426384,0.4371103457676424,0.4428460189499567,Habitat Generalist,NA
nstspa,0.4399748509098611,0.00243703889891285,0.4351982546679919,0.4447514471517303,Water/wetland,NA
nswowl,0.440072844541005,0.0016818808836437,0.43677635800906334,0.4433693310729466,Forest,NA
nutwoo,0.43998811196258064,0.00461767643252589,0.4309374661548299,0.44903875777033136,Forest,NA
oaktit,0.4398835923316551,0.00527171777509478,0.4295510254924693,0.4502161591708409,Forest,NA
olispa,0.4394418790684979,0.00511894595614146,0.42940874499446063,0.4494750131425352,Aridlands,NA
olsfly,0.440046486001438,7.860550805466066e-4,0.43850581804356664,0.4415871539593093,Forest,Tipping Point
orcori,0.43998616622416586,8.335118160657179e-4,0.43835248306467706,0.4416198493836547,Forest,NA
orcwar,0.44000799152337267,5.777530163880636e-4,0.43887559561125206,0.4411403874354933,Forest,NA
osprey,0.43984926960377657,0.00259799288397284,0.4347572035511898,0.44494133565636335,Water/wetland,NA
ovenbi1,0.4400054054208102,0.00135844492119724,0.4373428533752636,0.4426679574663568,Forest,NA
pacwre1,0.4399459729795866,0.00286412006382981,0.43433229765448017,0.445559648304693,Forest,NA
pagplo,0.4355618145427519,0.03999260221185243,0.35717631420752116,0.5139473148779826,Water/wetland,NA
paibun,0.4400447291459584,0.0017912852973851,0.4365338099630835,0.4435556483288332,Forest,NA
palwar,0.4399905683574205,0.00141264915380496,0.4372217760159628,0.4427593606988782,Forest,NA
pasfly,0.43995651526593493,0.00254069507906539,0.4349767529109668,0.4449362776209031,Forest,NA
pecsan,0.4401228972889413,0.00372163057083312,0.4328285013701083,0.4474172932077742,Water/wetland,Tipping Point
perfal,0.4400006394287804,0.00138246347511878,0.4372910110175476,0.4427102678400131,Habitat Generalist,NA
phaino,0.44005247614359577,0.00323047779892851,0.43372073965769586,0.4463842126294957,Aridlands,NA
phivir,0.4399934906726328,9.806661126820655e-4,0.4380713850917759,0.4419155962534896,Forest,NA
pibgre,0.4400533445135319,0.00140080019162588,0.4373077761379452,0.4427989128891186,Water/wetland,NA
pilwoo,0.439988449064573,9.608089149702884e-4,0.43810526359123125,0.4418716345379148,Forest,NA
pingro,0.4399616918542646,0.00142069899634553,0.4371771218214274,0.4427462618871018,Forest,NA
pinjay,0.44000956658849066,0.00273857668127338,0.43464195629319485,0.4453771768837865,Forest,Tipping Point
pinsis,0.4400497381441168,9.102715144852396e-4,0.4382656059757257,0.4418338703125078,Forest,NA
pinwar,0.4399804660994545,0.00132345722282614,0.4373864899427153,0.44257444225619375,Forest,NA
plsvir,0.4400018763728852,0.00216188291535918,0.4357645858587812,0.4442391668869892,Forest,NA
prafal,0.44000202394306415,8.511611384048547e-4,0.43833374811179066,0.4416702997743376,Aridlands,NA
prawar,0.4398991993280897,0.00159735553366134,0.4367683824821134,0.4430300161740659,Forest,Tipping Point
prowar,0.4399404997623695,0.0027746229875363,0.4345022387067983,0.44537876081794064,Forest,NA
purfin,0.4399782203229967,9.452702153566954e-4,0.4381254907008976,0.44183094994509586,Forest,NA
purgal2,0.4400677046032373,0.00755501297252685,0.42525987917708463,0.45487553002938985,Water/wetland,NA
purmar,0.4406811160533011,0.02909245429884919,0.3836599056275567,0.4977023264790455,Habitat Generalist,NA
pursan,0.44049790078973466,0.04164722953003803,0.35886933091086015,0.5221264706686092,Water/wetland,NA
pygnut,0.4399501498305207,0.00439729652689329,0.43133144863780987,0.4485688510232316,Forest,NA
pyrrhu,0.43983096270384975,0.00338001550473826,0.43320613231456273,0.4464557930931368,Aridlands,NA
rebmer,0.44018445991604954,0.01949438852063198,0.4019754584156109,0.4783934614164882,Water/wetland,NA
rebnut,0.4400752267524477,0.00101793416426752,0.43808007579048336,0.442070377714412,Forest,NA
rebsap,0.44003634453040297,0.00271104043218363,0.434722705283323,0.4453499837774829,Forest,NA
rebwoo,0.4400083282103226,7.935585637081141e-4,0.4384529534254547,0.4415637029951905,Forest,NA
recwoo,0.44022552022602673,0.01055919878547468,0.4195294906064963,0.4609215498455571,Forest,NA
redcro,0.44005916210683066,0.00144361064443313,0.4372296852437418,0.4428886389699196,Forest,NA
redhea,0.4401194411339901,0.00841780104835493,0.4236205510792144,0.4566183311887657,Water/wetland,NA
redkno,0.4397003260030965,0.0526682802967515,0.33647049662146356,0.5429301553847294,Water/wetland,Tipping Point
reevir1,0.43999207988446776,8.706269174466692e-4,0.4382856511262722,0.4416985086426633,Forest,NA
refwar,0.4400792027721085,0.01028405474452007,0.4199224554728492,0.4602359500713678,Forest,NA
rehwoo,0.43998957139577144,8.955366088324078e-4,0.4382343196424599,0.441744823149083,Forest,Tipping Point
rengre,0.44000996896324146,0.00583020083285956,0.4285827753308367,0.4514371625956462,Water/wetland,NA
renpha,0.4394259535832418,0.01994512168059635,0.40033351508927295,0.4785183920772107,Water/wetland,NA
rensap,0.4400401931375225,0.00134186569272691,0.43741013637977777,0.44267024989526726,Forest,NA
reshaw,0.4400279507891059,9.258804801056576e-4,0.4382132250480989,0.44184267653011305,Forest,NA
rethaw,0.4400126399504196,4.959877602259014e-4,0.43904050394037686,0.4409847759604624,Habitat Generalist,NA
retloo,0.43989633028220054,0.01585442333264583,0.40882166055021474,0.47097100001418635,Water/wetland,NA
rewbla,0.440431810693989,0.00662093145019787,0.4274547850516012,0.45340883633637685,Habitat Generalist,NA
ribgul,0.43982150932953806,0.00422921126466359,0.4315322552507974,0.4481107634082787,Water/wetland,NA
rinduc,0.4399256276626411,0.0024385896643195,0.4351459919205749,0.44470526340470734,Water/wetland,NA
robgro,0.43999497546771016,9.446946550653412e-4,0.4381433739437821,0.4418465769916382,Forest,NA
rocsan,0.4399976474083472,0.03773349963715783,0.3660399881195178,0.5139553066971765,Water/wetland,Tipping Point
rocwre,0.439966622624083,0.00115697034342363,0.43769896075097264,0.4422342844971933,Aridlands,NA
rolhaw,0.4399719641778842,9.772267042126043e-4,0.4380565998376275,0.4418873285181409,Water/wetland,NA
rosgoo,0.43983380363319785,0.00483566690215541,0.4303558965049733,0.44931171076142246,Water/wetland,NA
rosspo1,0.4398564258438664,0.00513684509231769,0.4297882094629238,0.4499246422248091,Water/wetland,NA
rthhum,0.4400039845243048,8.557954728025134e-4,0.43832662539761186,0.4416813436509977,Forest,NA
ruckin,0.4400083428713982,4.2523414624259646e-4,0.4391748839447627,0.44084180179803367,Forest,NA
rucspa,0.4399791929933591,0.00340724359186188,0.43330099555330975,0.4466573904334084,Aridlands,NA
rudduc,0.43991452641564494,0.00473858625093188,0.4306268973638184,0.44920215546747144,Water/wetland,NA
rudtur,0.4396687791794576,0.01926602309118508,0.4019073739207348,0.4774301844381803,Water/wetland,Tipping Point
rufgro,0.44006989522063855,0.00198423221382378,0.4361808000815439,0.4439589903597332,Forest,NA
rufhum,0.44005075727533066,0.00146170472460049,0.4371858160151137,0.4429156985355476,Forest,Tipping Point
rusbla,0.4399668986674922,0.00127414831380531,0.4374695679724338,0.44246422936255064,Forest,NA
saggro,0.4399330440883325,0.00293710847239967,0.43417631148242913,0.4456897766942359,Aridlands,Tipping Point
sagspa1,0.4400638892325509,0.00188011419592779,0.4363788654085324,0.4437489130565694,Aridlands,NA
sagthr,0.44002125369798056,0.00133470561680202,0.4374052306890486,0.44263727670691255,Aridlands,NA
sancra,0.4400721706047933,0.00362361755407907,0.43296988019879834,0.4471744610107883,Water/wetland,NA
sander,0.4403342913667848,0.01238401432223559,0.416061623295203,0.4646069594383665,Water/wetland,NA
savspa,0.4399884854720428,9.318328973095082e-4,0.4381620929933162,0.44181487795076946,Grasslands,NA
saypho,0.44000966989057183,9.4539588423282e-4,0.4381566939574755,0.4418626458236682,Habitat Generalist,NA
scaqua,0.4400492276645183,0.00291627642376501,0.4343333258739389,0.4457651294550977,Aridlands,NA
scatan,0.439973549064073,0.0013093079909776,0.4374073054017569,0.4425397927263891,Forest,NA
scoori,0.4399703699860802,0.0023838213794629,0.4352980800823329,0.4446426598898275,Forest,NA
sctfly,0.44001752849810194,0.0018680225580633,0.4363562042842979,0.443678852711906,Grasslands,NA
sedwre1,0.4399570533871751,0.00137530735445911,0.4372614509724352,0.442652655801915,Grasslands,NA
semplo,0.44015129517413704,0.01023140984317126,0.4200977318815214,0.46020485846675274,Water/wetland,NA
semsan,0.43991297832500514,0.00782687794686823,0.4245722975491434,0.4552536591008669,Water/wetland,Tipping Point
shbdow,0.4405123669079415,0.01765754603168191,0.4059035766858449,0.4751211571300381,Water/wetland,Tipping Point
sheowl,0.43994272477728497,0.00135059032554937,0.4372955677392082,0.44258988181536174,Habitat Generalist,NA
shshaw,0.44000354249893,6.444501253335023e-4,0.4387404202532763,0.4412666647445837,Forest,NA
shtgro,0.4400164186114406,0.00207089678267545,0.4359574609173967,0.4440753763054845,Grasslands,NA
smilon,0.4398578460685871,0.00419322958578173,0.4316391160804549,0.4480765760567192,Water/wetland,NA
snobun,0.4400071436522804,0.00187306686019332,0.43633593260630144,0.44367835469825934,Water/wetland,NA
snoegr,0.43989190747873086,0.00396414477706435,0.4321221837156847,0.447661631241777,Water/wetland,NA
snogoo,0.4400812646095302,0.00289692044275338,0.43440330054173354,0.4457592286773268,Water/wetland,NA
snoowl1,0.4401184438362698,0.00297885830241185,0.4342798815635426,0.445957006108997,Water/wetland,Tipping Point
solsan,0.43996584373586817,9.334877084743776e-4,0.4381362078272584,0.4417954796444779,Water/wetland,NA
sonspa,0.4399915402184882,4.989083625181954e-4,0.4390136798279525,0.4409694006090238,Habitat Generalist,NA
soogro1,0.4399045463800494,0.00494224889806006,0.4302177385398517,0.4495913542202471,Forest,NA
sora,0.4400027662202977,0.00135753035817768,0.43734200671826945,0.442663525722326,Water/wetland,NA
sposan,0.4399914434963717,8.683061160424045e-4,0.43828956350892856,0.44169332348381474,Water/wetland,NA
spotow,0.4400149881899213,9.160605809588164e-4,0.438219509451242,0.4418104669286006,Forest,NA
sprgro,0.4398687811767725,0.0018822533190674,0.4361795646714004,0.44355799768214466,Forest,NA
sprpip,0.4400248739163525,0.00206425709349603,0.43597893001310023,0.4440708178196047,Grasslands,Tipping Point
steeid,0.4502750193923712,0.4414478755771192,-0.4149628167387824,1.3155128555235247,Water/wetland,NA
stejay,0.44002132162203184,0.00192144626565477,0.43625528694134846,0.4437873563027152,Forest,NA
stisan,0.43997269737687794,0.00292079888917665,0.4342479315540917,0.4456974631996642,Water/wetland,Tipping Point
sumtan,0.439985042809538,0.00110552306450275,0.43781821760311257,0.4421518680159634,Forest,NA
surfbi,0.4406613704365379,0.02036566781236081,0.4007446615243107,0.4805780793487651,Water/wetland,Tipping Point
sursco,0.4401614874874736,0.01276618919739713,0.4151397566605752,0.465183218314372,Water/wetland,NA
swahaw,0.4400723278137242,0.00237336037218726,0.43542054148423714,0.4447241141432112,Grasslands,NA
swaspa,0.43994691353996457,8.573396324950627e-4,0.43826652786027426,0.4416272992196549,Water/wetland,NA
swathr,0.44006917335386914,0.00104020582147833,0.4380303699437716,0.4421079767639667,Forest,NA
swawar,0.4398874028521408,0.00237371565032125,0.43523492017751114,0.4445398855267704,Forest,NA
swtkit,0.4397662204449257,0.00728375188083343,0.42549006675849216,0.45404237413135923,Forest,NA
tenwar,0.4400073667763704,8.742966570556978e-4,0.4382937453285412,0.44172098822419953,Forest,NA
towsol,0.440026697248425,0.00118606504818493,0.43770200975398255,0.4423513847428675,Forest,NA
towwar,0.4400993687506591,0.00171145471758067,0.43674491750420097,0.4434538199971172,Forest,NA
treswa,0.4402518553375815,0.02893438330035297,0.3835404640688896,0.49696324660627333,Habitat Generalist,NA
tribla,0.4399698892880653,0.01916407279884742,0.4024083066023243,0.47753147197380624,Water/wetland,Tipping Point
triher,0.43976520857371937,0.01285042314236569,0.4145783792146826,0.46495203793275613,Water/wetland,NA
truswa,0.4399497568248563,0.00297062103589582,0.4341273395945005,0.44577217405521213,Water/wetland,NA
tuftit,0.4399911191899655,9.786118034130031e-4,0.438073040055276,0.441909198324655,Forest,NA
tunswa,0.43999745516763206,0.00487070695437538,0.4304508695370563,0.4495440407982078,Water/wetland,NA
turvul,0.44000353999724434,6.296462432896248e-4,0.4387694333603967,0.441237646634092,Habitat Generalist,NA
uplsan,0.44005293016609665,0.00125382115750887,0.43759544069737927,0.442510419634814,Grasslands,NA
varbun,0.43958823270017183,0.00640658658990215,0.4270313229839636,0.45214514241638,Aridlands,NA
varthr,0.43993936087212854,0.00231439651508343,0.435403143702565,0.4444755780416921,Forest,NA
vauswi,0.4396761950366453,0.00710301411245682,0.4257542873762299,0.4535981026970607,Forest,NA
veery,0.4400307352319774,0.00149673037137881,0.437097143704075,0.44296432675987985,Forest,NA
verdin,0.4400595228875304,0.00270600753966944,0.4347557481097783,0.44536329766528254,Aridlands,NA
verfly,0.4399796188424539,0.0026271023090367,0.434830498316742,0.4451287393681659,Aridlands,NA
vesspa,0.4400058652319363,7.841809150863914e-4,0.43846887063836704,0.4415428598255057,Grasslands,NA
vigswa,0.4400706076738656,0.00122494097506492,0.4376697233627383,0.4424714919849929,Forest,NA
virrai,0.43999252580864034,0.00146816899740662,0.43711491457372337,0.4428701370435573,Water/wetland,NA
virwar,0.43998328866395103,0.00218062065734283,0.4357092721755591,0.44425730515234296,Forest,NA
wantat1,0.43809067342260094,0.03601291223503757,0.3675053654419273,0.5086759814032746,Water/wetland,Tipping Point
warvir,0.4400445396627955,7.259233942694717e-4,0.43862172981002734,0.44146734951556366,Forest,NA
wesblu,0.4399866334365051,0.00171448801374839,0.43662623692955826,0.443347029943452,Forest,NA
wesgre,0.4395215181446489,0.01236472905716114,0.41528664919261304,0.4637563870966848,Water/wetland,Tipping Point
weskin,0.4400524213363125,0.00123932119303748,0.43762335179795897,0.44248149087466593,Grasslands,NA
wesmea,0.4399874147087363,9.394167972917628e-4,0.4381461577860444,0.4418286716314282,Grasslands,NA
wesowl1,0.43990262982331174,0.00302835030688661,0.433967063221814,0.4458381964248095,Forest,NA
wessan,0.4401784307556165,0.01423219766662222,0.41228332332903694,0.4680735381821961,Water/wetland,NA
westan,0.440069074483468,9.833433169943557e-4,0.4381417215821591,0.4419964273847769,Forest,NA
wewpew,0.4400398678164162,9.278054892733632e-4,0.4382213690574404,0.441858366575392,Forest,NA
whbnut,0.4399849321482568,9.60493348166726e-4,0.43810236518585,0.4418674991106636,Forest,NA
whcspa,0.44003170812812864,7.241740301570838e-4,0.4386123270290207,0.4414510892272365,Habitat Generalist,NA
whevir,0.44000306833561575,0.00113485777800662,0.4377787470907228,0.4422273895805087,Forest,NA
whfibi,0.4399879975955549,0.00526906379348204,0.4296606325603301,0.4503153626307797,Water/wetland,NA
whhwoo,0.4402337670254705,0.00685301791625089,0.4268018519096188,0.45366568214132225,Forest,NA
whiibi,0.4399329120414699,0.00428154229995217,0.4315410891335637,0.4483247349493762,Water/wetland,NA
whimbr,0.4398753754025242,0.01006250071471569,0.42015287400168144,0.45959787680336694,Water/wetland,Tipping Point
whrsan,0.4399402099842395,0.00274231189961234,0.4345652786609993,0.4453151413074797,Water/wetland,NA
whtkit,0.4397005416757516,0.00916943288233195,0.421728453226381,0.4576726301251222,Habitat Generalist,NA
whtspa,0.4400009882544581,7.613172351391636e-4,0.43850880647358537,0.4414931700353309,Forest,NA
whtswi,0.44002285547045544,0.00181853543917606,0.43645852600967033,0.44358718493124055,Aridlands,NA
whwcro,0.4400230906195251,0.00167358163541915,0.4367428706141035,0.44330331062494666,Forest,NA
whwdov,0.4400068882984654,0.00252861158209775,0.4350508095975538,0.444962966999377,Aridlands,NA
whwsco2,0.4402233980624901,0.01328529478664038,0.414184220280675,0.4662625758443053,Water/wetland,NA
wilfly,0.44000270295401905,8.66668656818682e-4,0.4383040323866544,0.44170137352138367,Forest,NA
willet1,0.4395866273929667,0.00725772276657663,0.4253614907704765,0.4538117640154569,Water/wetland,NA
wilpha,0.43943448853671674,0.01928983021723371,0.4016264213109387,0.4772425557624948,Water/wetland,NA
wilpta,0.4399875072555741,0.00188667462472562,0.4362896249911119,0.44368538952003633,Water/wetland,NA
wilsap,0.44009286351695664,0.00234593318935223,0.43549483446582626,0.444690892568087,Forest,NA
wilsni1,0.4399870704782405,0.00125957522505349,0.4375183030371356,0.44245583791934534,Water/wetland,NA
wiltur,0.43997029011406097,9.017571567645696e-4,0.4382028460868024,0.4417377341413195,Forest,NA
winwre3,0.4399822918926194,0.00106651521531107,0.4378919220706097,0.4420726617146291,Forest,NA
wlswar,0.4400091348724035,7.927795191155575e-4,0.438455287014937,0.44156298272987,Forest,NA
woewar1,0.4399644949050603,0.00213497818726581,0.4357799376580193,0.44414905215210126,Forest,NA
wooduc,0.43998653604712035,8.47174475052813e-4,0.4383260740760168,0.4416469980182239,Water/wetland,NA
wooscj2,0.44003941958306425,0.00246221943328293,0.4352134694938297,0.4448653696722988,Forest,NA
woosto,0.4399908016916276,0.00586289948416498,0.42849951870266423,0.4514820846805909,Water/wetland,NA
woothr,0.4399654660896831,0.00120119569790973,0.43761112252178,0.4423198096575862,Forest,Tipping Point
wrenti,0.43977768552540375,0.00519893929921153,0.42958776449894914,0.4499676065518584,Aridlands,NA
y00475,0.4400254980293537,0.00406703809184071,0.4320541033693459,0.4479968926893615,Water/wetland,NA
y00678,0.43978536871657126,0.00382277594299872,0.43229272786829376,0.4472780095648488,Aridlands,NA
yebcha,0.4399818540902744,9.589006356367616e-4,0.4381024088444264,0.4418612993361225,Forest,NA
yebcuc,0.44001239422384897,7.770677031210681e-4,0.43848934152573166,0.4415354469219663,Forest,NA
yebfly,0.4399632259382169,0.00187853278438697,0.4362813016808184,0.4436451501956154,Forest,NA
yebloo,0.4393012419305169,0.03128329317228875,0.37798598731283095,0.5006164965482028,Water/wetland,Tipping Point
yebmag,0.4400703529869788,0.01413169268595029,0.41237223532251627,0.4677684706514414,Forest,Tipping Point
yebsap,0.44000766323829726,8.739427216846871e-4,0.4382947355037953,0.44172059097279925,Forest,NA
yehbla,0.4399158260216272,0.00443652092951689,0.43122024499977407,0.4486114070434803,Water/wetland,NA
yelwar,0.439998597953029,5.524889031983437e-4,0.4389157197027602,0.44108147620329774,Forest,NA
yerwar,0.4400055651567496,4.465061342554131e-4,0.439130413133609,0.4408807171798902,Forest,NA
yetvir,0.4399900140119375,0.00102992726935681,0.43797135656399816,0.4420086714598768,Forest,NA
yetwar,0.4398947753738131,0.001533430141035,0.43688925229738457,0.44290029845024176,Forest,NA
