species,avg,stdev,lower95,upper95
abetow,0.43989310728428244,0.009022094655106382,0.42220980176027395,0.4575764128082909
acafly,0.43996993822533603,0.0013748693601916412,0.4372751942793604,0.44266468217131166
acowoo,0.439781009121129,0.0045506466449936785,0.43086174169694136,0.44870027654531663
aldfly,0.4400058109306999,0.0014176248833712032,0.43722726615929236,0.44278435570210745
allhum,0.43984318133690176,0.010730885007246416,0.4188106467226988,0.4608757159511047
ambduc,0.43965408878522155,0.009089803603626595,0.4218380737221134,0.4574701038483297
ameavo,0.4395439047757636,0.01609606138704942,0.40799562445714677,0.47109218509438044
amebit,0.43997275672737673,0.0016979196699920128,0.43664483417419236,0.4433006792805611
amecro,0.44005804668334303,0.001115975446193637,0.4378707348088035,0.44224535855788255
amedip,0.43999566840505205,0.003643922300117016,0.4328535806968227,0.4471377561132814
amegfi,0.44000443854903787,4.840453508979277e-4,0.43905570966127794,0.4409531674367978
amekes,0.4399976799490991,5.500369180838976e-4,0.43891960758965465,0.44107575230854357
amepip,0.4400098507844817,0.0011388960656590898,0.4377776144957899,0.4422420870731735
amered,0.4399929834402053,7.790347733885645e-4,0.4384660752843637,0.44151989159604693
amerob,0.44004195771485743,0.0015629368640274212,0.4369786014613637,0.4431053139683512
amewig,0.4398595718416425,0.004149312753557905,0.43172691884466896,0.447992224838616
amewoo,0.4399828574975211,0.001066884458452421,0.43789176395895435,0.4420739510360878
amgplo,0.4400960066441222,0.0043916387380204605,0.4314883947176021,0.4487036185706423
amtspa,0.43996157093806165,9.553455031815608e-4,0.4380890937518258,0.4418340481242975
amwpel,0.4400301981938765,0.005795517072116669,0.42867098473252785,0.45138941165522517
anhing,0.43996847147627144,0.0034718104962338124,0.4331637229036532,0.4467732200488897
annhum,0.4399147308920189,0.0029905479874531974,0.4340532568366106,0.44577620494742715
arcter,0.44641646813759334,0.21446039650250168,0.026074090992690035,0.8667588452824966
arcwar1,0,0,0,0
astfly,0.439981399606036,0.0011929579247889587,0.43764320207344964,0.44231959713862234
attwoo1,0.44008652039307794,0.0024655574616727427,0.4352540277681994,0.4449190130179565
babwar,0.43997471737874977,0.0012768098926807879,0.43747216998909544,0.4424772647684041
bacspa,0.4401680969021033,0.006847032122287261,0.42674791394242023,0.45358827986178635
baisan,0.4399277934168006,0.0021946892659892693,0.43562620245546163,0.4442293843781396
baispa,0.43997674142809184,0.0030963903551436524,0.4339078163320103,0.4460456665241734
baleag,0.4400252177149051,0.0013220193595709982,0.43743405977014593,0.4426163756596643
balori,0.4399924824697977,8.878495284781819e-4,0.43825229739398047,0.44173266754561497
banswa,0.43999582907972007,0.004449134112198338,0.4312755262198113,0.44871613193962884
bargol,0.44025753709366716,0.00618698591947567,0.4281310446914948,0.4523840294958395
barswa,0.44000936095267135,0.005807604254313422,0.42862645661421706,0.45139226529112564
batpig1,0.43991077858670335,0.00339947392026136,0.4332478097029911,0.4465737474704156
bawwar,0.4399812967531052,9.176538399766394e-4,0.438182695226751,0.4417798982794594
bcnher,0.43995484976621385,0.0029061443467790346,0.43425880684652696,0.44565089268590075
belkin1,0.4400045177713906,6.65703090592859e-4,0.4386997397138286,0.4413092958289526
belspa2,0.4399137324682582,0.005033040522848315,0.4300489730434755,0.4497784918930409
belvir,0.4399942266477153,0.0015570608563817139,0.43694238736920715,0.4430460659262235
benthr,0.4403732031660494,0.005334425548112358,0.4299177290917492,0.4508286772403496
bewwre,0.43995467712726455,0.001217048370133314,0.43756926232180327,0.44234009193272583
bkbcuc,0.4400079881266453,0.0019135503355758626,0.43625742946891666,0.443758546784374
bkbmag1,0.44002315738961667,0.0014069275171776107,0.43726557945594857,0.44278073532328477
bkbplo,0.4397503355143251,0.012139855126133718,0.415956219467103,0.46354445156154717
bkbwar,0.44000796271039444,0.0013802634044912474,0.4373026464375916,0.4427132789831973
bkbwoo,0.4400808776003177,0.004274576332427332,0.43170270798876015,0.4484590472118753
bkcchi,0.4400094222608849,0.0011745561807545981,0.4377072921466059,0.4423115523751639
bkchum,0.44009791210667343,0.0017795184133251208,0.43661005601655617,0.4435857681967907
bkcspa,0.43976515439803104,0.004505379690479731,0.43093461020469076,0.44859569859137133
bkhgro,0.4400196263983751,0.0011130399745886278,0.4378380680481814,0.44220118474856884
bknsti,0.4396687008742784,0.01077509066296264,0.4185495231748716,0.4607878785736852
bkpwar,0.43999025452627855,0.001067582076337266,0.4378977936566575,0.4420827153958996
bktgna,0.44017898028329067,0.0034101782175314605,0.433495030976929,0.44686292958965235
bktspa,0.43999903411591396,0.0016494173990225076,0.43676617601382983,0.4432318922179981
bkwvir,0.44247992624298105,0.04881227198447027,0.3468078731534193,0.5381519793325428
blctit4,0.4401188072178071,0.0035450688256873273,0.43317047231945993,0.4470671421161543
blkpho,0.43997031649127616,0.0024303545918715657,0.4352068214912079,0.44473381149134444
blksco2,0.44038135435655057,0.011336352419999734,0.4181621036133511,0.46260060509975004
blkswi,0.4399446932683091,0.006623134954265824,0.42696334875794806,0.45292603777867013
blkter,0.4399867406538136,0.004922359331372613,0.43033891636432325,0.44963456494330395
blkvul,0.44006620822575543,0.0014873159231093445,0.4371510690164611,0.44298134743504974
blugrb1,0.43997735852574404,7.98481232076274e-4,0.43841233531087453,0.44154238174061355
blujay,0.43999978438016324,6.605867924658817e-4,0.43870503426693014,0.44129453449339634
bncfly,0.43975282609883815,0.003045011887826457,0.4337846027986983,0.445721049398978
bnhcow,0.4400433044844317,0.0025848459758870896,0.434977006371693,0.44510960259717036
bnhnut,0.43991493650000707,0.0024841088677800527,0.43504608311915816,0.444783789880856
boboli,0.4399110222386229,0.003766752865920756,0.4325281866214182,0.4472938578558276
bohwax,0.44003771792132274,0.0033888791065564685,0.4333955148724721,0.4466799209701734
bongul,0.4398934411670586,0.00796157716370235,0.42428874992620197,0.4554981324079152
borchi2,0.43988210653167714,0.0019104155836012105,0.43613769198781877,0.4436265210755355
botgra,0.44002092271911103,0.009710135485983292,0.4209890571665838,0.45905278827163826
brant,0.44000196193294494,0.023512630400384253,0.39391720634819183,0.48608671751769805
brdowl,0.4400305025089044,0.0010228223422960642,0.43802577071800414,0.4420352342998047
brebla,0.44001213205596884,0.0011884298779474933,0.4376828094951917,0.44234145461674595
brespa,0.4400480226715915,0.0010757495195063747,0.437939553613359,0.44215649172982396
britit,0.4395415266379096,0.00831371323791991,0.42324664869158657,0.4558364045842326
brncre,0.4400113765382812,7.708616700220796e-4,0.4385004876650379,0.4415222654115245
brnowl,0.43979231576607963,0.0030551934705149385,0.43380413656387035,0.4457804949682889
brnthr,0.4399730171956531,6.607540254645072e-4,0.43867793930574267,0.4412680950855636
brocow,0.4394668467883346,0.006663807938342085,0.4264057832291841,0.4525279103474851
brthum,0.44005165182686456,0.00222995900987555,0.4356809321675085,0.44442237148622066
brwhaw,0.4401208110190245,0.003382087779910159,0.43349191897040057,0.44674970306764844
btbwar,0.4399436565575723,0.0019877210561631644,0.4360477232874925,0.4438395898276521
btnwar,0.43997009676845983,0.0012249042559567826,0.43756928442678455,0.4423709091101351
btywar,0.439982812036037,0.0015630418264557893,0.43691925005618365,0.44304637401589037
bubsan,0.43988292292247877,0.00899104074466123,0.4222604830629428,0.45750536278201476
buffle,0.43993239786044164,0.0030289575615982203,0.4339956410397091,0.44586915468117416
buggna,0.43999398669582196,7.380827830692548e-4,0.43854734444100624,0.4414406289506377
buhvir,0.4399838063684566,0.001083241050586656,0.43786065390930673,0.4421069588276064
bulori,0.4400232522554872,0.0010430806652001177,0.437978814151695,0.44206769035927945
burowl,0.439957533582553,0.001834919162644268,0.43636109202377027,0.44355397514133577
bushti,0.44001194840104346,0.0021141987532849317,0.43586811884460497,0.44415577795748196
buwtea,0.43993363343235375,0.0017160438960078723,0.4365701873961783,0.4432970794685292
buwwar,0.43997611721296104,0.0019013249908579803,0.4362495202308794,0.4437027141950427
cacgoo1,0.44017446764981577,0.0038668166646775456,0.4325955069870478,0.44775342831258375
cacwre,0.4400603975875575,0.002562931515800833,0.43503705181658786,0.44508374335852713
calgul,0.43997872209238525,0.05227297662806719,0.33752368790137355,0.542433756283397
calhum,0.4401401245236944,0.0024124914939563495,0.43541164119553993,0.44486860785184884
calqua,0.43997022968391875,0.0026137220310417787,0.43484733450307683,0.44509312486476066
calthr,0.43982122220859027,0.006390437192194512,0.427295965311889,0.4523464791052915
caltow,0.4400325382277347,0.0047457535587001505,0.4307308612526824,0.449334215202787
camwar,0.4399972789861869,0.0014135138158206746,0.4372267919071784,0.4427677660651954
cangoo,0.4399548211477889,0.0011502282633620528,0.43770037375159926,0.4422092685439785
cantow,0.43997205340459106,0.003208727390002234,0.4336829477201867,0.44626115908899544
canvas,0.4394231458777204,0.018908346997301498,0.4023627857630095,0.47648350599243133
canwar,0.4400068706832601,0.0017627864739582456,0.4365518091943019,0.4434619321722183
canwre,0.440113184224225,0.0028153788900505267,0.434595041599726,0.44563132684872403
carchi,0.44000586484172527,0.001028576006445596,0.4379898558690919,0.44202187381435865
carwre,0.43999223384258496,9.64597034303403e-4,0.43810162365535027,0.44188284402981964
casfin,0.4400695332608146,0.001568365087249524,0.43699553768980554,0.4431435288318237
caskin,0.43997207876122085,0.002048071878231959,0.4359578578798862,0.4439862996425555
casspa,0.4399451915603692,0.0018384092916894658,0.43634190934865785,0.44354847377208056
caster1,0.4395785990881599,0.01493552607873752,0.41030496797383437,0.4688522302024854
casvir,0.44013763135724526,0.0015418587472308472,0.4371155882126728,0.4431596745018177
categr,0.44010536974948,0.005377569766533894,0.42956533300707356,0.45064540649188645
cavswa,0.44001529097655023,0.00228177475973923,0.43554301244746135,0.4444875695056391
cedwax,0.4400292461128472,6.047457960659977e-4,0.43884394435255786,0.4412145478731366
cerwar,0.439999241589071,0.0038932017863965765,0.4323685660877337,0.4476299170904083
chbchi,0.4399268446006971,0.0030942207437825984,0.4338621719428832,0.445991517258511
chclon,0.4399671657503508,0.0021005947059581937,0.43585000012667274,0.4440843313740288
chirav,0.44003023687381554,0.003223230623870442,0.4337127048510295,0.4463477688966016
chispa,0.44000869875412785,5.137114564055702e-4,0.4390018242995729,0.4410155732086828
chiswi,0.4400127485621532,0.0034905392036215905,0.4331712917230549,0.44685420540125154
chswar,0.44000340347675176,0.001261580428342264,0.43753070583720094,0.4424761011163026
chwwid,0.4399706751181422,0.0016489237487756062,0.436738784570542,0.4432025656657424
cintea,0.44003244683119075,0.002816399629690848,0.43451230355699666,0.44555259010538484
clagre,0.44055320111037993,0.01360086966124073,0.4138954965743481,0.46721090564641177
clanut,0.44009710166906435,0.0023217950882207013,0.43554638329615175,0.44464782004197695
clcspa,0.4399857719909096,0.00100981641492104,0.43800653181766436,0.44196501216415485
cliswa,0.43999436148362653,8.301703135992993e-4,0.4383672276689719,0.44162149529828115
cogdov,0.4398414711547271,0.0035614513315591636,0.43286102654487113,0.4468219157645831
comgal1,0.4398453183536139,0.006576595759471113,0.4269551906650505,0.4527354460421773
comgol,0.4396540244307284,0.004671871475701383,0.43049715633835367,0.4488108925231031
comgra,0.4406653118988106,0.013419200637194015,0.4143636786499103,0.46696694514771087
comloo,0.4398614690597625,0.005088409391952372,0.42988818665153583,0.4498347514679891
commer,0.43997400134883285,0.008030312203628426,0.42423458942972114,0.45571341326794457
comnig,0.4400086478062556,7.052109486811163e-4,0.4386264343468406,0.44139086126567056
compoo,0.4399712664426016,0.0014075264539017004,0.43721251459295424,0.44273001829224895
comrav,0.4399954434575079,6.534140359822978e-4,0.4387147519469826,0.4412761349680332
comred,0.43991299907801545,0.001173628564033582,0.4376126870925096,0.4422133110635213
comter,0.4399120573356878,0.02619303309463713,0.388573712470199,0.49125040220117655
comyel,0.43998341129070645,6.066180186335516e-4,0.4387944399741847,0.4411723826072282
conwar,0.4401123612899649,0.005619106349485306,0.4290989128449737,0.4511258097349561
coohaw,0.44002773936934886,4.963456732412856e-4,0.43905490184979595,0.44100057688890176
corfly,0.44005385913753775,0.0025160673292775266,0.4351223671721538,0.4449853511029217
coshum,0.4401125277941457,0.003557978022402353,0.4331388908702371,0.44708616471805435
coukin,0.43958542238793386,0.005300476990148814,0.4291964874872422,0.4499743572886255
cowscj1,0.43989026816487775,0.003931982602748668,0.43218358226349035,0.44759695406626515
crithr,0.44010394139285186,0.002984245163277387,0.4342548208728282,0.44595306191287554
cubthr,0.44000945794209767,0.0029282260359388963,0.43427013491165745,0.4457487809725379
daejun,0.44001067698141605,4.4344071492439195e-4,0.43914153318016425,0.44087982078266785
dickci,0.4399659815026866,0.0012832027625886405,0.4374509040880129,0.44248105891736034
doccor,0.43979342628235457,0.008528992132896176,0.42307660170187805,0.4565102508628311
dowwoo,0.43998594800831003,6.953138565454344e-4,0.43862313284948096,0.4413487631671391
dunlin,0.4399401402295475,0.011984080943123683,0.4164513415810251,0.46342893887806996
dusfly,0.44010811388515,0.0013129890017607154,0.43753465544169895,0.442681572328601
dusgro,0.44013631651659163,0.0030276297179301806,0.43420216226944847,0.4460704707637348
eargre,0.439604887189614,0.018848676751147896,0.40266148075736413,0.47654829362186385
easblu,0.44000227773762457,7.321977539714255e-4,0.4385671701398406,0.44143738533540855
easkin,0.43995773033754565,8.594867276927029e-4,0.43827313635126797,0.44164232432382333
easmea,0.440005906241462,0.001055306737786261,0.43793750503540096,0.4420743074475231
easowl1,0.43997458770241593,0.0011312943798554667,0.4377572507178992,0.44219192468693264
easpho,0.4399961516070184,7.395253883773547e-4,0.43854668184579876,0.441445621368238
eastow,0.4399688352535591,0.001038158417618872,0.4379340447550261,0.4420036257520921
easwpw1,0.4399686044008784,0.0020713366814587657,0.43590878450521925,0.4440284242965376
eawpew,0.4399969114376075,7.828482389198369e-4,0.43846252888932463,0.44153129398589036
evegro,0.4400780190273835,0.001531692761848078,0.4370759012141613,0.44308013684060576
ferhaw,0.43996407959532546,0.0013282003702277457,0.4373608068696791,0.44256735232097183
fiespa,0.4399887888961831,8.051499389867452e-4,0.43841069501576907,0.4415668827765971
fiscro,0.43999491756461684,0.002703989464848933,0.43469509821351293,0.44529473691572075
forter,0.43970787030438624,0.00583794896701341,0.42826549032903993,0.45115025027973255
foxspa,0.4400706974443697,0.0010475457461919327,0.4380175077818335,0.4421238871069059
fragul,0.439885242863342,0.009016012143713994,0.4222138590616626,0.45755662666502145
fuwduc,0.43974262258317837,0.008369345185077216,0.423338706020427,0.45614653914592973
gadwal,0.4400319150856152,0.0019354272276101046,0.43623847771949936,0.443825352451731
gamqua,0.44011706193086086,0.003041469218338788,0.43415578226291685,0.4460783415988049
gbbgul,0.43977187982561416,0.01757550442168067,0.40532389115912004,0.4742198684921083
gilfli,0.4402936269642673,0.006479335340953085,0.4275941296959993,0.45299312423253535
gilwoo,0.4402045897302537,0.00527737071939731,0.429860943120235,0.45054823634027247
gloibi,0.43962041780643535,0.007813312446634168,0.42430632541103236,0.45493451020183834
gnttow,0.44002957500818163,0.0012917134626841966,0.4374978166213206,0.44256133339504267
gnwtea,0.4399561777347299,0.003137241274560183,0.4338071848365919,0.44610517063286786
gockin,0.4399972831137233,8.151297101118116e-4,0.4383996288819042,0.44159493734554245
gocspa,0.43994214321058506,0.002437783840066217,0.4351640868840553,0.44472019953711484
gofwoo,0.4397522193380358,0.0035386664662872174,0.4328164330641129,0.44668800561195876
goleag,0.43998724932906136,0.0010853566071794237,0.43785995037898967,0.44211454827913305
gowwar,0.43999589274910006,0.0023071418263822326,0.43547389476939086,0.44451789072880926
graspa,0.4399724153381874,0.0010775992816802929,0.437860320746094,0.44208450993028076
grawar,0.44000949708983256,0.004830981669311008,0.430540773017983,0.4494782211616821
grbani,0.43950281992902773,0.008138261028775084,0.42355182831262855,0.4554538115454269
grbher3,0.43997890866749106,9.280778907010482e-4,0.438159876001717,0.4417979413332651
grcfly,0.44000039064181395,7.840831587541865e-4,0.43846358765065574,0.44153719363297217
greegr,0.4399555196222072,0.0023894338027065894,0.43527222936890225,0.44463880987551213
greroa,0.4399522299139357,0.002054759594188309,0.4359249011093266,0.4439795587185448
gresca,0.4401666814900821,0.009797912298764975,0.4209627733845027,0.45937058959566146
greyel,0.4399498921842652,0.0018628119964589338,0.4362987806712057,0.44360100369732475
grhowl,0.4399762064284541,6.324785853099258e-4,0.43873654840124665,0.4412158644556615
grnher,0.4400151183032665,0.0011182310475509293,0.43782338545006666,0.44220685115646635
grnjay,0.43949917579438263,0.005835140906063074,0.428062299618499,0.45093605197026626
grpchi,0.44001566826961536,0.0035696887959747628,0.4330190782295048,0.4470122583097259
grtgra,0.4398370631783633,0.004070688045992592,0.43185851460821784,0.44781561174850876
grycat,0.43998476121280344,7.615403328250349e-4,0.4384921421604664,0.4414773802651405
gryfly,0.4399975207730297,0.001339399741636665,0.43737229727942184,0.4426227442666376
gryjay,0.43994485756894725,0.0015533289483804624,0.43690033283012153,0.44298938230777296
grykin,0.44025854572397477,0.027908122415279506,0.3855586257900269,0.4949584656579226
gryvir,0.4399128050797154,0.0031835708096553,0.43367300629279104,0.4461526038666398
gwfgoo,0.4400088707321228,0.002170726962677534,0.43575424588527484,0.44426349557897077
gycthr,0.4399962750628412,0.0011534873080049147,0.4377354399391516,0.44225711018653086
haiwoo,0.44001904516120205,7.585241650420275e-4,0.43853233779771966,0.44150575252468444
hamfly,0.4401167387087435,0.0015884707427796904,0.4370033360528953,0.4432301413645917
harduc,0.43992984480377223,0.008571491914585365,0.4231297206511849,0.45672996895635953
harspa,0.4400157783486901,0.0016091259671460086,0.4368618914530839,0.4431696652442963
henspa,0.43995614144437367,0.002931257732200794,0.43421087628926014,0.4457014065994872
heptan,0.4398784669591615,0.004947300148135065,0.43018175866881675,0.44957517524950624
hergul,0.43945246225492224,0.010411402381394316,0.41904611358738936,0.4598588109224551
herthr,0.440007597865386,7.084717255771521e-4,0.4386189932832548,0.4413962024475172
herwar,0.44000720639589236,0.003497680159999473,0.4331517532822934,0.44686265950949133
hoared,0.44012730189970084,0.005059457765113902,0.4302107646800776,0.4500438391193241
hoomer,0.44003733475206186,0.002352375816708323,0.43542667815131353,0.4446479913528102
hooori,0.43987077643742895,0.0030563273916169274,0.43388037474985974,0.44586117812499815
hoowar,0.4399183859786911,0.0017554642041567776,0.4364776761385438,0.44335909581883837
horgre,0.4399651699518725,0.005612050083867573,0.42896555178749207,0.45096478811625296
horlar,0.4399994073344515,0.001306595348359524,0.43743848045166683,0.4425603342172361
houfin,0.4400464127607463,0.0014582287852290608,0.4371882843416973,0.4429045411797953
houwre,0.43999877657279324,5.250639381214571e-4,0.43896965125407517,0.4410279018915113
hrshaw,0.4395443475247537,0.005461514897209024,0.428839778326224,0.4502489167232834
hudgod,0.4399354608119916,0.0039605826253644345,0.4321727188662773,0.4476982027577059
hutvir,0.4398458733518213,0.0034631423771391075,0.43305811429262864,0.44663363241101395
incdov,0.4409850821321257,0.014202899024775138,0.4131474000435665,0.468822764220685
indbun,0.43998722128193063,9.005628696649489e-4,0.4382221180573873,0.44175232450647395
juntit1,0.439915892554022,0.0028666671051390084,0.4342972250279496,0.44553456008009445
kenwar,0.43997359013110326,0.001697453418555517,0.4366465814307344,0.4433005988314721
killde,0.43998258814350444,0.001023848793889175,0.43797584450748167,0.4419893317795272
kineid,0.43753512409147516,0.06801696084275155,0.30422188083968216,0.5708483673432682
kinrai4,0.43980044134204876,0.006219320856139189,0.42761057246401596,0.45199031022008157
labwoo,0.43996325391379026,0.0017607711815108263,0.43651214239802905,0.4434143654295515
laplon,0.44000723087404275,0.0027222777301837133,0.4346715665228827,0.4453428952252028
larbun,0.4400494898135259,0.001735855911659235,0.4366472122266738,0.44345176740037795
larspa,0.43998103005247585,8.658249251646423e-4,0.43828401319915317,0.44167804690579854
lawgol,0.4399780520761556,0.0038725305030310416,0.43238789229021474,0.44756821186209644
lazbun,0.4400358593324227,0.001044798327690674,0.43798805461014895,0.4420836640546964
leabit,0.439842280737224,0.004510225152872684,0.4310022394375935,0.44868232203685443
leafly,0.44001059854518254,9.193529825695404e-4,0.4382086666993462,0.44181253039101887
leasan,0.4398709319292475,0.00292265648789945,0.43414252521296454,0.4455993386455304
lecspa,0.4399665589616843,0.001833185064234648,0.4363735162357844,0.4435596016875842
lecthr,0.4402348092091547,0.006632492244040169,0.42723512441083594,0.45323449400747345
lesgol,0.44000112901968774,0.0014565070907996281,0.4371463751217205,0.442855882917655
lesnig,0.4400754800765921,0.0024182155138115853,0.43533577766952136,0.4448151824836628
lessca,0.4401877550563805,0.005930003195435985,0.428564948793326,0.45181056131943503
lesyel,0.44009210340428156,0.0029937549784058593,0.43422434364660606,0.44595986316195707
lewwoo,0.4399674028688101,0.0027947723995971167,0.4344896489655997,0.44544515677202046
libher,0.43998297434536515,0.003000464859543245,0.4341020632206604,0.4458638854700699
limpki,0.4399894367937391,0.010522644752356832,0.4193650530791197,0.4606138205083585
linspa,0.440015117605888,5.552127895158031e-4,0.438926900538437,0.441103334673339
lobcur,0.43994104550334173,0.004496586596285955,0.43112773577462127,0.4487543552320622
lobdow,0.43996602151759645,0.0046164946605295135,0.4309176919829586,0.4490143510522343
lobthr,0.43957625702686803,0.005214654201979034,0.42935553479098915,0.4497969792627469
loeowl,0.4399635429612682,0.0019166668650157136,0.4362068759058374,0.44372021001669903
logshr,0.43999797083189934,8.970110114600113e-4,0.4382398292494377,0.44175611241436097
lotduc,0.44029395650509073,0.022032776876406524,0.39710971382733395,0.4834781991828475
louwat,0.4399941424569739,0.0014449658870884072,0.4371620093182806,0.4428262755956672
lucwar,0.44001896486102254,0.003266623307904446,0.4336163831775298,0.44642154654451527
macwar,0.44009157561340706,0.0010544899990923928,0.43802477521518596,0.44215837601162816
magwar,0.44000228427389126,9.87577333867488e-4,0.43806663269951096,0.44193793584827157
mallar3,0.44002940022817266,0.0033666175091679163,0.43343082991020354,0.4466279705461418
margod,0.4398261930283941,0.01953344331544932,0.4015406441301134,0.47811174192667477
marwre,0.44001477016176255,0.0014337123113290443,0.4372046940315576,0.4428248462919675
mcclon,0.43993971766545226,0.0036579228023349056,0.43277018897287584,0.4471092463580287
merlin,0.43996424259398914,7.36742511919803e-4,0.43852022727062634,0.44140825791735194
mewgul,0.43687594957463444,0.17516228856445526,0.09355786398830213,0.7801940351609667
mexjay4,0.4392919449422399,0.011042242419431664,0.41764914980015383,0.46093474008432594
miskit,0.44003275509944034,0.0016784629824429043,0.43674296765385223,0.44332254254502845
motduc,0.4395420710198774,0.008084891374639757,0.4236956839255835,0.45538845811417134
moublu,0.4400110334578549,0.0010184671511521749,0.43801483784159667,0.44200722907411316
mouchi,0.44010412055904097,0.0019056671477507092,0.4363690129494496,0.44383922816863236
moudov,0.4399718817365551,5.85834555501164e-4,0.43882364600777285,0.44112011746533736
mouplo,0.43948844317069496,0.011021422978059801,0.41788645413369774,0.4610904322076922
mouqua,0.44013527840795763,0.004342689458919555,0.4316236070684753,0.44864694974743996
mouwar,0.4400840650668134,0.0022471601381472894,0.43567963119604475,0.4444884989375821
naswar,0.4400398188359297,8.32164607158523e-4,0.43840877620589896,0.4416708614659604
nopowl,0.44011670779543327,0.002562000444260281,0.43509518692468313,0.4451382286661834
norbob,0.4399420702514437,0.0012831194032450052,0.4374271562210835,0.4424569842818039
norcar,0.44001574778699676,7.090413336698601e-4,0.43862602677300383,0.4414054688009897
norfli,0.4400071160067982,3.344451510931304e-4,0.43935160351065566,0.44066262850294075
norgos,0.439987978650725,0.0010213728805667918,0.4379860878048141,0.4419898694966359
norhar2,0.43999118260373926,8.006260042141526e-4,0.43842195563547953,0.441560409571999
normoc,0.44001263250600164,8.285120190492683e-4,0.4383887489486651,0.4416365160633382
norpar,0.4399915827803549,0.0011328366079225557,0.43777122302882665,0.4422119425318831
norpin,0.43998127629805434,0.002379376759205662,0.43531769785001123,0.44464485474609744
norsho,0.43997279337087863,0.00453374003472125,0.431086662902825,0.4488589238389323
norshr4,0.4399759372840641,7.957733603781602e-4,0.4384162214977229,0.44153565307040527
norwat,0.440022440076859,9.34376161203151e-4,0.4381910628009008,0.44185381735281715
nrwswa,0.43997818235879954,0.0014631819342638493,0.4371103457676424,0.4428460189499567
nstspa,0.4399748509098611,0.0024370388989128572,0.4351982546679919,0.4447514471517303
nswowl,0.440072844541005,0.0016818808836437044,0.43677635800906334,0.4433693310729466
nutwoo,0.43998811196258064,0.00461767643252589,0.4309374661548299,0.44903875777033136
oaktit,0.4398835923316551,0.005271717775094782,0.4295510254924693,0.45021615917084085
olispa,0.4394418790684979,0.005118945956141467,0.42940874499446063,0.4494750131425352
olsfly,0.440046486001438,7.860550805466066e-4,0.43850581804356664,0.4415871539593093
orcori,0.43998616622416586,8.335118160657179e-4,0.43835248306467706,0.4416198493836547
orcwar,0.44000799152337267,5.777530163880636e-4,0.43887559561125206,0.4411403874354933
osprey,0.43984926960377657,0.0025979928839728423,0.4347572035511898,0.44494133565636335
ovenbi1,0.4400054054208102,0.00135844492119724,0.4373428533752636,0.4426679574663568
pacwre1,0.4399459729795866,0.002864120063829818,0.43433229765448017,0.445559648304693
pagplo,0.4355618145427519,0.03999260221185243,0.35717631420752116,0.5139473148779826
paibun,0.4400447291459584,0.0017912852973851058,0.43653380996308355,0.4435556483288332
palwar,0.4399905683574205,0.0014126491538049616,0.4372217760159628,0.4427593606988782
pasfly,0.43995651526593493,0.0025406950790653957,0.43497675291096677,0.4449362776209031
pecsan,0.4401228972889413,0.003721630570833126,0.43282850137010836,0.4474172932077742
perfal,0.44000063942878037,0.0013824634751187811,0.4372910110175476,0.44271026784001316
phaino,0.44005247614359577,0.0032304777989285174,0.43372073965769586,0.4463842126294957
phivir,0.43999349067263277,9.806661126820655e-4,0.4380713850917759,0.44191559625348964
pibgre,0.4400533445135319,0.0014008001916258805,0.4373077761379452,0.4427989128891186
pilwoo,0.439988449064573,9.608089149702885e-4,0.43810526359123125,0.4418716345379148
pingro,0.4399616918542646,0.001420698996345534,0.4371771218214274,0.4427462618871018
pinjay,0.44000956658849066,0.0027385766812733814,0.43464195629319485,0.4453771768837865
pinsis,0.4400497381441168,9.102715144852396e-4,0.4382656059757257,0.44183387031250787
pinwar,0.4399804660994545,0.0013234572228261485,0.4373864899427153,0.44257444225619375
plsvir,0.4400018763728852,0.0021618829153591886,0.4357645858587812,0.44423916688698917
prafal,0.44000202394306415,8.511611384048547e-4,0.43833374811179066,0.44167029977433764
prawar,0.4398991993280897,0.001597355533661342,0.43676838248211347,0.4430300161740659
prowar,0.4399404997623695,0.002774622987536306,0.4345022387067983,0.44537876081794064
purfin,0.4399782203229967,9.452702153566954e-4,0.43812549070089757,0.44183094994509586
purgal2,0.44006770460323724,0.007555012972526856,0.42525987917708463,0.45487553002938985
purmar,0.4406811160533011,0.02909245429884919,0.3836599056275567,0.49770232647904555
pursan,0.44049790078973466,0.04164722953003803,0.35886933091086015,0.5221264706686092
pygnut,0.4399501498305207,0.004397296526893298,0.43133144863780987,0.4485688510232316
pyrrhu,0.43983096270384975,0.003380015504738265,0.43320613231456273,0.44645579309313677
rebmer,0.44018445991604954,0.01949438852063198,0.4019754584156109,0.4783934614164882
rebnut,0.4400752267524477,0.0010179341642675272,0.43808007579048336,0.44207037771441204
rebsap,0.44003634453040297,0.0027110404321836344,0.434722705283323,0.4453499837774829
rebwoo,0.4400083282103226,7.935585637081141e-4,0.4384529534254547,0.4415637029951905
recwoo,0.44022552022602673,0.010559198785474688,0.41952949060649636,0.4609215498455571
redcro,0.44005916210683066,0.0014436106444331305,0.43722968524374173,0.4428886389699196
redhea,0.44011944113399004,0.008417801048354937,0.42362055107921437,0.4566183311887657
redkno,0.4397003260030965,0.0526682802967515,0.33647049662146356,0.5429301553847294
reevir1,0.43999207988446776,8.706269174466692e-4,0.43828565112627227,0.44169850864266325
refwar,0.4400792027721085,0.01028405474452007,0.4199224554728492,0.4602359500713678
rehwoo,0.43998957139577144,8.955366088324078e-4,0.4382343196424599,0.441744823149083
rengre,0.44000996896324146,0.00583020083285956,0.4285827753308367,0.4514371625956462
renpha,0.4394259535832418,0.01994512168059635,0.40033351508927295,0.4785183920772107
rensap,0.4400401931375225,0.0013418656927269136,0.43741013637977777,0.44267024989526726
reshaw,0.44002795078910595,9.258804801056577e-4,0.43821322504809884,0.44184267653011305
rethaw,0.4400126399504196,4.959877602259014e-4,0.43904050394037686,0.44098477596046237
retloo,0.43989633028220054,0.01585442333264583,0.40882166055021474,0.47097100001418635
rewbla,0.440431810693989,0.006620931450197873,0.42745478505160117,0.45340883633637685
ribgul,0.43982150932953806,0.0042292112646635915,0.4315322552507974,0.4481107634082787
rinduc,0.4399256276626411,0.0024385896643195027,0.43514599192057485,0.44470526340470734
robgro,0.43999497546771016,9.446946550653412e-4,0.4381433739437821,0.4418465769916382
rocsan,0.4399976474083472,0.03773349963715783,0.3660399881195178,0.5139553066971765
rocwre,0.439966622624083,0.0011569703434236368,0.43769896075097264,0.4422342844971933
rolhaw,0.4399719641778842,9.772267042126043e-4,0.4380565998376275,0.4418873285181409
rosgoo,0.43983380363319785,0.0048356669021554135,0.43035589650497325,0.44931171076142246
rosspo1,0.4398564258438664,0.005136845092317691,0.42978820946292373,0.4499246422248091
rthhum,0.4400039845243048,8.557954728025134e-4,0.43832662539761186,0.4416813436509977
ruckin,0.4400083428713982,4.2523414624259646e-4,0.4391748839447627,0.44084180179803367
rucspa,0.4399791929933591,0.0034072435918618897,0.43330099555330975,0.4466573904334084
rudduc,0.43991452641564494,0.004738586250931886,0.43062689736381843,0.44920215546747144
rudtur,0.43966877917945757,0.01926602309118508,0.40190737392073483,0.4774301844381803
rufgro,0.44006989522063855,0.001984232213823786,0.4361808000815439,0.4439589903597332
rufhum,0.44005075727533066,0.001461704724600493,0.4371858160151137,0.44291569853554763
rusbla,0.4399668986674922,0.0012741483138053189,0.4374695679724338,0.44246422936255064
saggro,0.4399330440883325,0.0029371084723996753,0.43417631148242913,0.4456897766942359
sagspa1,0.4400638892325509,0.0018801141959277948,0.43637886540853243,0.4437489130565694
sagthr,0.44002125369798056,0.0013347056168020286,0.4374052306890486,0.44263727670691255
sancra,0.4400721706047933,0.0036236175540790704,0.43296988019879834,0.4471744610107883
sander,0.44033429136678476,0.012384014322235593,0.416061623295203,0.4646069594383665
savspa,0.43998848547204283,9.318328973095082e-4,0.4381620929933162,0.44181487795076946
saypho,0.44000966989057183,0.00094539588423282305,0.4381566939574755,0.4418626458236682
scaqua,0.4400492276645183,0.0029162764237650116,0.4343333258739389,0.4457651294550977
scatan,0.439973549064073,0.0013093079909776003,0.4374073054017569,0.4425397927263891
scoori,0.4399703699860802,0.002383821379462902,0.4352980800823329,0.4446426598898275
sctfly,0.44001752849810194,0.001868022558063302,0.4363562042842979,0.443678852711906
sedwre1,0.4399570533871751,0.001375307354459117,0.43726145097243524,0.442652655801915
semplo,0.44015129517413704,0.010231409843171268,0.42009773188152133,0.46020485846675274
semsan,0.43991297832500514,0.007826877946868234,0.4245722975491434,0.4552536591008669
shbdow,0.4405123669079415,0.017657546031681917,0.4059035766858449,0.47512115713003805
sheowl,0.43994272477728497,0.0013505903255493763,0.4372955677392082,0.44258988181536174
shshaw,0.44000354249893003,6.444501253335023e-4,0.43874042025327636,0.4412666647445837
shtgro,0.4400164186114406,0.002070896782675453,0.4359574609173967,0.4440753763054845
smilon,0.4398578460685871,0.004193229585781731,0.4316391160804549,0.44807657605671924
snobun,0.4400071436522804,0.0018730668601933294,0.43633593260630144,0.44367835469825934
snoegr,0.43989190747873086,0.003964144777064351,0.4321221837156847,0.447661631241777
snogoo,0.4400812646095302,0.002896920442753387,0.43440330054173354,0.4457592286773268
snoowl1,0.4401184438362698,0.0029788583024118586,0.4342798815635426,0.445957006108997
solsan,0.43996584373586817,9.334877084743775e-4,0.4381362078272584,0.44179547964447796
sonspa,0.43999154021848813,4.989083625181954e-4,0.4390136798279525,0.4409694006090238
soogro1,0.4399045463800494,0.004942248898060064,0.4302177385398517,0.4495913542202471
sora,0.4400027662202977,0.0013575303581776848,0.43734200671826945,0.442663525722326
sposan,0.43999144349637165,8.683061160424045e-4,0.43828956350892856,0.44169332348381474
spotow,0.4400149881899213,9.160605809588165e-4,0.438219509451242,0.4418104669286006
sprgro,0.4398687811767725,0.0018822533190674035,0.4361795646714004,0.44355799768214466
sprpip,0.4400248739163525,0.0020642570934960368,0.43597893001310023,0.4440708178196047
steeid,0.4502750193923712,0.4414478755771192,-0.4149628167387824,1.3155128555235247
stejay,0.44002132162203184,0.0019214462656547732,0.43625528694134846,0.4437873563027152
stisan,0.43997269737687794,0.0029207988891766547,0.4342479315540917,0.4456974631996642
sumtan,0.439985042809538,0.0011055230645027531,0.43781821760311257,0.4421518680159634
surfbi,0.4406613704365379,0.020365667812360815,0.4007446615243107,0.4805780793487651
sursco,0.44016148748747363,0.012766189197397138,0.41513975666057523,0.46518321831437204
swahaw,0.4400723278137242,0.0023733603721872647,0.43542054148423714,0.4447241141432112
swaspa,0.43994691353996457,8.573396324950627e-4,0.43826652786027426,0.4416272992196549
swathr,0.44006917335386914,0.001040205821478336,0.4380303699437716,0.4421079767639667
swawar,0.4398874028521408,0.0023737156503212597,0.43523492017751114,0.44453988552677043
swtkit,0.4397662204449257,0.0072837518808334355,0.42549006675849216,0.45404237413135923
tenwar,0.44000736677637037,8.742966570556978e-4,0.4382937453285412,0.44172098822419953
towsol,0.440026697248425,0.001186065048184936,0.43770200975398255,0.4423513847428675
towwar,0.4400993687506591,0.0017114547175806725,0.43674491750420097,0.4434538199971172
treswa,0.4402518553375815,0.028934383300352973,0.38354046406888964,0.49696324660627333
tribla,0.4399698892880653,0.019164072798847426,0.40240830660232435,0.47753147197380624
triher,0.43976520857371937,0.012850423142365692,0.4145783792146826,0.46495203793275613
truswa,0.4399497568248563,0.0029706210358958272,0.4341273395945005,0.44577217405521213
tuftit,0.4399911191899655,9.786118034130031e-4,0.438073040055276,0.441909198324655
tunswa,0.43999745516763206,0.004870706954375389,0.4304508695370563,0.4495440407982078
turvul,0.44000353999724434,6.296462432896248e-4,0.4387694333603967,0.441237646634092
uplsan,0.44005293016609665,0.0012538211575088786,0.43759544069737927,0.442510419634814
varbun,0.43958823270017183,0.006406586589902153,0.4270313229839636,0.45214514241638004
varthr,0.43993936087212854,0.0023143965150834336,0.435403143702565,0.4444755780416921
vauswi,0.4396761950366453,0.007103014112456829,0.4257542873762299,0.4535981026970607
veery,0.4400307352319774,0.0014967303713788128,0.43709714370407493,0.44296432675987985
verdin,0.4400595228875304,0.0027060075396694435,0.4347557481097783,0.44536329766528254
verfly,0.43997961884245396,0.0026271023090367034,0.43483049831674203,0.4451287393681659
vesspa,0.44000586523193636,7.841809150863914e-4,0.43846887063836704,0.4415428598255057
vigswa,0.44007060767386563,0.0012249409750649295,0.43766972336273835,0.4424714919849929
virrai,0.43999252580864034,0.001468168997406623,0.43711491457372337,0.4428701370435573
virwar,0.43998328866395103,0.002180620657342832,0.4357092721755591,0.44425730515234296
wantat1,0.43809067342260094,0.036012912235037574,0.3675053654419273,0.5086759814032746
warvir,0.4400445396627955,7.259233942694717e-4,0.43862172981002734,0.44146734951556366
wesblu,0.4399866334365051,0.0017144880137483962,0.43662623692955826,0.443347029943452
wesgre,0.4395215181446489,0.012364729057161145,0.41528664919261304,0.46375638709668476
weskin,0.44005242133631245,0.0012393211930374884,0.43762335179795897,0.44248149087466593
wesmea,0.4399874147087363,9.394167972917627e-4,0.43814615778604443,0.4418286716314282
wesowl1,0.43990262982331174,0.003028350306886612,0.433967063221814,0.4458381964248095
wessan,0.4401784307556165,0.014232197666622221,0.41228332332903694,0.4680735381821961
westan,0.440069074483468,9.833433169943557e-4,0.4381417215821591,0.4419964273847769
wewpew,0.4400398678164162,9.278054892733633e-4,0.4382213690574404,0.44185836657539196
whbnut,0.4399849321482568,9.60493348166726e-4,0.43810236518585,0.4418674991106636
whcspa,0.44003170812812864,7.241740301570838e-4,0.43861232702902075,0.4414510892272365
whevir,0.44000306833561575,0.0011348577780066218,0.4377787470907228,0.4422273895805087
whfibi,0.4399879975955549,0.005269063793482041,0.4296606325603301,0.4503153626307797
whhwoo,0.4402337670254705,0.006853017916250896,0.4268018519096188,0.45366568214132225
whiibi,0.43993291204146995,0.004281542299952175,0.4315410891335637,0.4483247349493762
whimbr,0.4398753754025242,0.010062500714715697,0.42015287400168144,0.45959787680336694
whrsan,0.4399402099842395,0.0027423118996123437,0.4345652786609993,0.4453151413074797
whtkit,0.4397005416757516,0.009169432882331952,0.421728453226381,0.45767263012512227
whtspa,0.4400009882544581,7.613172351391636e-4,0.43850880647358537,0.44149317003533084
whtswi,0.44002285547045544,0.0018185354391760695,0.43645852600967033,0.44358718493124055
whwcro,0.4400230906195251,0.0016735816354191545,0.43674287061410355,0.44330331062494666
whwdov,0.4400068882984654,0.0025286115820977524,0.4350508095975538,0.444962966999377
whwsco2,0.4402233980624901,0.01328529478664038,0.414184220280675,0.46626257584430525
wilfly,0.44000270295401905,8.66668656818682e-4,0.43830403238665444,0.44170137352138367
willet1,0.4395866273929667,0.007257722766576639,0.4253614907704765,0.4538117640154569
wilpha,0.43943448853671674,0.019289830217233715,0.4016264213109387,0.4772425557624948
wilpta,0.4399875072555741,0.0018866746247256224,0.4362896249911119,0.44368538952003633
wilsap,0.44009286351695664,0.0023459331893522354,0.43549483446582626,0.444690892568087
wilsni1,0.4399870704782405,0.0012595752250534958,0.4375183030371356,0.44245583791934534
wiltur,0.43997029011406097,9.017571567645697e-4,0.43820284608680243,0.4417377341413195
winwre3,0.4399822918926194,0.0010665152153110722,0.4378919220706097,0.4420726617146291
wlswar,0.4400091348724035,7.927795191155575e-4,0.438455287014937,0.44156298272987
woewar1,0.4399644949050603,0.0021349781872658175,0.4357799376580193,0.44414905215210126
wooduc,0.43998653604712035,8.47174475052813e-4,0.4383260740760168,0.4416469980182239
wooscj2,0.44003941958306425,0.0024622194332829307,0.4352134694938297,0.4448653696722988
woosto,0.4399908016916276,0.005862899484164983,0.42849951870266423,0.4514820846805909
woothr,0.4399654660896831,0.001201195697909733,0.43761112252178,0.4423198096575862
wrenti,0.43977768552540375,0.005198939299211532,0.42958776449894914,0.44996760655185836
y00475,0.4400254980293537,0.0040670380918407184,0.4320541033693459,0.4479968926893615
y00678,0.43978536871657126,0.0038227759429987217,0.43229272786829376,0.44727800956484876
yebcha,0.4399818540902744,9.589006356367615e-4,0.43810240884442636,0.44186129933612245
yebcuc,0.44001239422384897,7.770677031210681e-4,0.43848934152573166,0.4415354469219663
yebfly,0.4399632259382169,0.0018785327843869742,0.4362813016808184,0.4436451501956154
yebloo,0.4393012419305169,0.031283293172288756,0.37798598731283095,0.5006164965482028
yebmag,0.44007035298697883,0.014131692685950291,0.41237223532251627,0.4677684706514414
yebsap,0.44000766323829726,8.739427216846871e-4,0.4382947355037953,0.44172059097279925
yehbla,0.4399158260216272,0.004436520929516899,0.43122024499977407,0.44861140704348035
yelwar,0.439998597953029,5.524889031983437e-4,0.4389157197027602,0.44108147620329774
yerwar,0.4400055651567496,4.4650613425541315e-4,0.439130413133609,0.4408807171798902
yetvir,0.4399900140119375,0.001029927269356815,0.43797135656399816,0.4420086714598768
yetwar,0.43989477537381316,0.0015334301410350084,0.43688925229738457,0.44290029845024176
