species_code,common_name,scientific_name,avg,stdev,lower95,upper95,habitat,tipping_pt,sum_cna,over_upper95,under_lower95
comred,Common Redpoll,Acanthis flammea,0.36976486963203664,9.996531913361924e-4,0.3678055493770177,0.3717241898870556,Water/wetland,NA,0.14425780186024578,0,1
hoared,Hoary Redpoll,Acanthis hornemanni,0.3684361469241628,0.0019233373757262,0.3646664056677394,0.37220588818058614,Water/wetland,NA,0.01900371332915618,0,1
coohaw,Cooper's Hawk,Accipiter cooperii,0.3699816300795334,4.722036168224534e-4,0.36905611099056135,0.3709071491685053,Forest,NA,0.3906918080607582,1,0
norgos,Northern Goshawk,Accipiter gentilis,0.3696279158899696,8.309526151606075e-4,0.3679992487642548,0.3712565830156844,Forest,NA,0.11793748090683298,0,1
shshaw,Sharp-shinned Hawk,Accipiter striatus,0.3698078646955281,5.596605166278984e-4,0.3687109300829374,0.3709047993081188,Forest,NA,0.3772536759093539,1,0
sposan,Spotted Sandpiper,Actitis macularius,0.3697314905885124,7.005066883528421e-4,0.3683584974793409,0.3711044836976839,Water/wetland,NA,0.23848569115011745,0,1
clagre,Clark's Grebe,Aechmophorus clarkii,0.3696302881278297,0.01284434725389857,0.3444553675101885,0.3948052087454709,Water/wetland,Tipping Point,0.3497653353426049,0,0
wesgre,Western Grebe,Aechmophorus occidentalis,0.36625082608524046,0.01144290420762928,0.34382273383828704,0.3886789183321938,Water/wetland,Tipping Point,0.5137682676930998,1,0
nswowl,Northern Saw-whet Owl,Aegolius acadicus,0.36997361357904207,0.00138310285198158,0.36726273198915815,0.372684495168926,Forest,NA,0.3448922370387702,0,1
whtswi,White-throated Swift,Aeronautes saxatalis,0.3700196951109512,0.00183661000732348,0.3664199394965972,0.3736194507253053,Aridlands,NA,0.29318719123370585,0,1
rewbla,Red-winged Blackbird,Agelaius phoeniceus,0.36970670396174227,0.00650131034665874,0.35696413568229113,0.3824492722411934,Habitat Generalist,NA,0.30650034099590845,0,1
tribla,Tricolored Blackbird,Agelaius tricolor,0.37000722245829654,0.01847594460929049,0.33379437102408716,0.4062200738925059,Water/wetland,Tipping Point,0.644990257552081,1,0
rucspa,Rufous-crowned Sparrow,Aimophila ruficeps,0.3699908794718839,0.00318772674608019,0.36374293504956673,0.3762388238942011,Aridlands,NA,0.5684965738137056,1,0
wooduc,Wood Duck,Aix sponsa,0.37000482195083834,8.262320521301013e-4,0.36838540712866336,0.3716242367730133,Water/wetland,NA,0.46341554961445475,1,0
graspa,Grasshopper Sparrow,Ammodramus savannarum,0.37001012857013943,0.00107339834250901,0.36790626781882174,0.3721139893214571,Grasslands,NA,0.5023664212558808,1,0
lecspa,LeConte's Sparrow,Ammospiza leconteii,0.3699777696874793,0.0018434047068796,0.3663646964619952,0.3735908429129633,Grasslands,Tipping Point,0.2724867863116056,0,1
nstspa,Nelson's Sparrow,Ammospiza nelsoni,0.36890974765190887,0.00248306104186917,0.36404294800984527,0.37377654729397247,Water/wetland,NA,0.17464240618187807,0,1
bktspa,Black-throated Sparrow,Amphispiza bilineata,0.3700139217989756,0.00162234391033542,0.3668341277347182,0.373193715863233,Aridlands,NA,0.2296783988949556,0,1
norpin,Northern Pintail,Anas acuta,0.3692215030090299,0.00208043340227704,0.3651438535405669,0.3732991524774929,Water/wetland,NA,0.20668948834717604,0,1
gnwtea,Green-winged Teal,Anas crecca,0.36973536557413655,0.002867078159125,0.3641158923822515,0.3753548387660215,Water/wetland,NA,0.21403182160569345,0,1
motduc,Mottled Duck,Anas fulvigula,0.3667331394052819,0.00770541273289363,0.3516305304488104,0.38183574836175344,Water/wetland,Tipping Point,0.3466134733469133,0,1
mallar3,Mallard,Anas platyrhynchos,0.36945066301505664,0.00316424190835027,0.3632487488746901,0.3756525771554232,Water/wetland,NA,0.30815198821682444,0,1
ambduc,American Black Duck,Anas rubripes,0.3669650708134103,0.00909829037571501,0.34913242167700886,0.3847977199498117,Water/wetland,NA,0.5062751119239817,1,0
anhing,Anhinga,Anhinga anhinga,0.36986349570681987,0.00366528866407937,0.3626795299252243,0.37704746148841545,Water/wetland,NA,0.5751460368188006,1,0
gwfgoo,Greater White-fronted Goose,Anser albifrons,0.369772939792811,0.0021622578268895,0.3655349144521075,0.3740109651335145,Water/wetland,NA,0.14249602836394068,0,1
snogoo,Snow Goose,Anser caerulescens,0.36987380869489966,0.00278567347681898,0.3644138886803345,0.37533372870946485,Water/wetland,NA,0.23771675734928896,0,1
rosgoo,Ross's Goose,Anser rossii,0.3696740937304966,0.00465792337494367,0.36054456391560696,0.3788036235453862,Water/wetland,NA,0.21005674102552083,0,1
amepip,American Pipit,Anthus rubescens,0.3696817784324991,9.104020680654894e-4,0.3678973903790907,0.37146616648590747,Water/wetland,NA,0.24393497913509377,0,1
sprpip,Sprague's Pipit,Anthus spragueii,0.37008698772743714,0.00194800205087201,0.366268903707728,0.37390507174714627,Grasslands,Tipping Point,0.338802627784596,0,1
sancra,Sandhill Crane,Antigone canadensis,0.3699803816775139,0.00308397280788675,0.3639357949740558,0.37602496838097194,Water/wetland,NA,0.29563538435626596,0,1
chwwid,Chuck-will's-widow,Antrostomus carolinensis,0.3700049314311828,0.00165581065623709,0.3667595425449581,0.3732503203174075,Forest,NA,0.8234864479070562,1,0
easwpw1,Eastern Whip-poor-will,Antrostomus vociferus,0.3699836158555118,0.0020506968037604,0.3659642501201415,0.37400298159088224,Forest,Tipping Point,0.8333756885964823,1,0
cowscj1,California Scrub-Jay,Aphelocoma californica,0.36991028692137784,0.00361183905086162,0.36283108238168904,0.37698949146106664,Forest,NA,0.59972690777591,1,0
mexjay4,Mexican Jay,Aphelocoma wollweberi,0.37025471591914,0.01125866118212618,0.3481877400021727,0.3923216918361073,Forest,NA,0.3941278174018521,1,0
wooscj2,Woodhouse's Scrub-Jay,Aphelocoma woodhouseii,0.3699174305301335,0.0023309086071572,0.3653488496601054,0.3744860114001616,Forest,NA,0.2932990683293326,0,1
goleag,Golden Eagle,Aquila chrysaetos,0.36966782860477015,0.00149335112875191,0.3667408603924164,0.37259479681712393,Habitat Generalist,NA,0.12644494849853832,0,1
limpki,Limpkin,Aramus guarauna,0.3703089715668843,0.01031252000257097,0.3500964323618452,0.39052151077192343,Water/wetland,NA,0.6350661676005807,1,0
bkchum,Black-chinned Hummingbird,Archilochus alexandri,0.3700658665078735,0.00167000096495475,0.3667926646165622,0.3733390683991848,Forest,NA,0.4497976630916538,1,0
rthhum,Ruby-throated Hummingbird,Archilochus colubris,0.3700006279127136,8.439857797513408e-4,0.36834641578440097,0.3716548400410262,Forest,NA,0.6642010133530424,1,0
greegr,Great Egret,Ardea alba,0.36914240936341225,0.00248315737391044,0.36427542091054776,0.37400939781627673,Water/wetland,NA,0.3625012822003235,0,1
grbher3,Great Blue Heron,Ardea herodias,0.3693601548510832,8.99320407479504e-4,0.3675974868524234,0.371122822849743,Water/wetland,NA,0.41393907144271225,1,0
rudtur,Ruddy Turnstone,Arenaria interpres,0.350896476974217,0.01149820814869596,0.3283599890027729,0.3734329649456611,Water/wetland,Tipping Point,0.29050892932539885,0,1
olispa,Olive Sparrow,Arremonops rufivirgatus,0.3702011603941885,0.00515045143821545,0.3601062755752862,0.3802960452130908,Aridlands,NA,0.3605918688053862,0,0
belspa2,Bell's Sparrow,Artemisiospiza belli,0.3701189925440553,0.00483777527115189,0.3606369530125976,0.379601032075513,Aridlands,NA,0.1865308484564352,0,1
sagspa1,Sagebrush Sparrow,Artemisiospiza nevadensis,0.3700153446482467,0.00181896052283294,0.36645018202349416,0.37358050727299935,Aridlands,NA,0.1173139229549458,0,1
sheowl,Short-eared Owl,Asio flammeus,0.3696680644804287,0.00126103526028207,0.36719643537027585,0.3721396935905816,Habitat Generalist,NA,0.2318220632739571,0,1
loeowl,Long-eared Owl,Asio otus,0.3700523665801804,0.00183005253256195,0.366465463616359,0.37363926954400184,Forest,NA,0.21581054162348767,0,1
burowl,Burrowing Owl,Athene cunicularia,0.3701113012318681,0.00179488162484887,0.3665933332471643,0.37362926921657186,Grasslands,NA,0.39729027224264546,1,0
verdin,Verdin,Auriparus flaviceps,0.370271948487657,0.00264696759691952,0.3650838919976947,0.3754600049776193,Aridlands,NA,0.2912770331889134,0,1
lessca,Lesser Scaup,Aythya affinis,0.3680105734239857,0.00556092120885843,0.35711116785462316,0.3789099789933482,Water/wetland,NA,0.35672767760649443,0,1
redhea,Redhead,Aythya americana,0.3654235260310515,0.00810402740842606,0.3495396323105364,0.38130741975156657,Water/wetland,NA,0.474136514806038,1,0
rinduc,Ring-necked Duck,Aythya collaris,0.3699462331432839,0.00221792729990017,0.36559909563547954,0.37429337065108825,Water/wetland,NA,0.35182093320282803,0,1
gresca,Greater Scaup,Aythya marila,0.36601052040339527,0.00691755460211305,0.35245211338325366,0.3795689274235369,Water/wetland,NA,0.24220894759150913,0,1
canvas,Canvasback,Aythya valisineria,0.3699931705584406,0.01881613086643871,0.33311355406022075,0.40687278705666047,Water/wetland,NA,0.3691619773770981,0,0
blctit4,Black-crested Titmouse,Baeolophus atricristatus,0.3700601174187357,0.00341194474992876,0.3633727057088753,0.3767475291285961,Aridlands,NA,0.631908236943076,1,0
tuftit,Tufted Titmouse,Baeolophus bicolor,0.3700006123571758,9.617067855162796e-4,0.3681156670575639,0.3718855576567877,Forest,NA,0.7555381523236591,1,0
oaktit,Oak Titmouse,Baeolophus inornatus,0.3701076916158272,0.00507804005440612,0.36015473310919116,0.3800606501224632,Forest,NA,0.7422918429392666,1,0
juntit1,Juniper Titmouse,Baeolophus ridgwayi,0.3700258041226423,0.00284984469110289,0.3644401085280807,0.375611499717204,Forest,NA,0.22526718012596805,0,1
britit,Bridled Titmouse,Baeolophus wollweberi,0.3701895385514362,0.00816491932027052,0.35418629668370605,0.3861927804191665,Forest,NA,0.45616382701700786,1,0
uplsan,Upland Sandpiper,Bartramia longicauda,0.3699981803067202,0.00119456237294339,0.3676568380557512,0.3723395225576893,Grasslands,NA,0.46210566108272255,1,0
cedwax,Cedar Waxwing,Bombycilla cedrorum,0.3699665873855497,6.003673593109658e-4,0.3687898673613002,0.3711433074097992,Forest,NA,0.574872033743727,1,0
bohwax,Bohemian Waxwing,Bombycilla garrulus,0.36999478784153605,0.00311654352223021,0.3638863625379648,0.3761032131451073,Forest,NA,0.20346030898388356,0,1
rufgro,Ruffed Grouse,Bonasa umbellus,0.3699615102224316,0.00196693842276683,0.36610631091380863,0.3738167095310546,Forest,NA,0.6087263076926508,1,0
amebit,American Bittern,Botaurus lentiginosus,0.36988297780332985,0.00165259520902795,0.36664389119363505,0.37312206441302465,Water/wetland,NA,0.4128024735630955,1,0
brant,Brant,Branta bernicla,0.3664602709732614,0.01154038843756483,0.3438411096356343,0.3890794323108885,Water/wetland,NA,0.35350881222198266,0,0
cangoo,Canada Goose,Branta canadensis,0.36992734413352246,0.00120060879885223,0.36757415088777207,0.37228053737927286,Water/wetland,NA,0.36288866769263073,0,1
cacgoo1,Cackling Goose,Branta hutchinsii,0.36939769216995016,0.00349367171782853,0.3625500956030062,0.3762452887368941,Water/wetland,NA,0.26715648742888715,0,1
snoowl1,Snowy Owl,Bubo scandiacus,0.3645366497595484,0.0028443611259402,0.3589617019527056,0.3701115975663912,Water/wetland,Tipping Point,0.134558670045827,0,1
grhowl,Great Horned Owl,Bubo virginianus,0.3700248303501269,6.335703959823176e-4,0.3687830323740016,0.37126662832625223,Habitat Generalist,NA,0.3673989690103312,0,1
categr,Cattle Egret,Bubulcus ibis,0.36954917324756725,0.00501647834165756,0.35971687569791844,0.37938147079721607,Water/wetland,NA,0.59929499750025494,1,0
buffle,Bufflehead,Bucephala albeola,0.3668730120682601,0.00280440519017283,0.36137637789552135,0.3723696462409989,Water/wetland,NA,0.35999469629006775,0,1
comgol,Common Goldeneye,Bucephala clangula,0.36784759706973086,0.00421372780837048,0.3595886905653247,0.376106503574137,Water/wetland,NA,0.2980794336213111,0,1
bargol,Barrow's Goldeneye,Bucephala islandica,0.3623226429578461,0.00502628810400606,0.35247111827399424,0.372174167641698,Water/wetland,NA,0.30920997949209905,0,1
rethaw,Red-tailed Hawk,Buteo jamaicensis,0.3699281500724051,4.5360632302085703e-4,0.3690390816792843,0.370817218465526,Habitat Generalist,NA,0.3769745543197587,1,0
rolhaw,Rough-legged Hawk,Buteo lagopus,0.3697023827675869,8.714750855484362e-4,0.3679942915999119,0.37141047393526183,Water/wetland,NA,0.2437145531054421,0,1
reshaw,Red-shouldered Hawk,Buteo lineatus,0.3699698963841185,9.200965294038452e-4,0.36816650718648697,0.37177328558175,Forest,NA,0.6927128858572398,1,0
brwhaw,Broad-winged Hawk,Buteo platypterus,0.3699462452500955,0.0034246725532737,0.36323388704567905,0.376658603454512,Forest,NA,0.6460707827678446,1,0
ferhaw,Ferruginous Hawk,Buteo regalis,0.3700304159061726,0.00127314352714757,0.3675350545929633,0.37252577721938185,Grasslands,NA,0.34791206094560656,0,1
swahaw,Swainson's Hawk,Buteo swainsoni,0.3700954982422196,0.00224988746001514,0.3656857188205899,0.3745052776638493,Grasslands,NA,0.4344791728910762,1,0
grnher,Green Heron,Butorides virescens,0.3697966346429584,0.00100234634597334,0.36783203580485063,0.3717612334810661,Water/wetland,NA,0.506454388195344,1,0
larbun,Lark Bunting,Calamospiza melanocorys,0.3700961540447405,0.00171979316608192,0.3667253594392199,0.3734669486502611,Grasslands,NA,0.4270067249783922,1,0
laplon,Lapland Longspur,Calcarius lapponicus,0.36834301722975227,0.00238354189803196,0.3636712751096096,0.3730147593498949,Water/wetland,NA,0.26928348400283003,0,1
chclon,Chestnut-collared Longspur,Calcarius ornatus,0.37004696403398496,0.00204305484256555,0.36604257654255645,0.37405135152541347,Grasslands,Tipping Point,0.3737635058380003,0,0
smilon,Smith's Longspur,Calcarius pictus,0.36991488654078264,0.00352035730788789,0.3630149862173224,0.3768147868642429,Water/wetland,NA,0.25735014818751567,0,1
sander,Sanderling,Calidris alba,0.35909479402198935,0.01103025202960268,0.3374755000439681,0.3807140880000106,Water/wetland,NA,0.5260660420711192,1,0
dunlin,Dunlin,Calidris alpina,0.3638878406311082,0.0097228984530027,0.3448309596632228,0.38294472159899345,Water/wetland,NA,0.31971369728109045,0,1
baisan,Baird's Sandpiper,Calidris bairdii,0.36998618395511257,0.00206124802651686,0.3659461378231395,0.3740262300870856,Water/wetland,NA,0.2828068909398316,0,1
redkno,Red Knot,Calidris canutus,0.35558091143503767,0.04015697112669111,0.2768732480267231,0.43428857484335226,Water/wetland,Tipping Point,0.48550652142268935,1,0
whrsan,White-rumped Sandpiper,Calidris fuscicollis,0.36963489916435094,0.00257227269162063,0.3645932446887745,0.37467655363992736,Water/wetland,NA,0.23682926499666565,0,1
stisan,Stilt Sandpiper,Calidris himantopus,0.36992070631271967,0.00278631023158988,0.3644595382588035,0.37538187436663584,Water/wetland,Tipping Point,0.21056892225968235,0,1
pursan,Purple Sandpiper,Calidris maritima,0.338974708119259,0.03772047377551985,0.2650425795192401,0.4129068367192779,Water/wetland,NA,0.8086838684673694,1,0
wessan,Western Sandpiper,Calidris mauri,0.3654837313219336,0.01100883337025478,0.3439064179162342,0.38706104472763303,Water/wetland,NA,0.3469566056071206,0,0
pecsan,Pectoral Sandpiper,Calidris melanotos,0.36941867556502694,0.00354645080450797,0.3624676319881913,0.37636971914186257,Water/wetland,Tipping Point,0.1171791187637665,0,1
leasan,Least Sandpiper,Calidris minutilla,0.3695354623893341,0.0026999193147902,0.3642436205323453,0.3748273042463229,Water/wetland,NA,0.2076846364043484,0,1
rocsan,Rock Sandpiper,Calidris ptilocnemis,0.35980323611965676,0.01715377896955665,0.3261818293393257,0.3934246428999878,Water/wetland,Tipping Point,0.4225549073476853,1,0
semsan,Semipalmated Sandpiper,Calidris pusilla,0.3678016536809752,0.00750874865959108,0.35308450630817667,0.3825188010537738,Water/wetland,Tipping Point,0.20997599343692908,0,1
bubsan,Buff-breasted Sandpiper,Calidris subruficollis,0.3696495851332432,0.00852775130724921,0.35293519257103473,0.38636397769545167,Water/wetland,Tipping Point,0.23761516817607,0,1
surfbi,Surfbird,Calidris virgata,0.3375142220301759,0.00915035982679856,0.31957951676965074,0.35544892729070104,Water/wetland,Tipping Point,0.5570263051730535,1,0
calqua,California Quail,Callipepla californica,0.3699589882648442,0.00264228481363967,0.3647801100301104,0.375137866499578,Aridlands,NA,0.47992441135645647,1,0
gamqua,Gambel's Quail,Callipepla gambelii,0.37021389692576767,0.00311327150184321,0.36411188478215495,0.3763159090693804,Aridlands,NA,0.209440231932831,0,1
scaqua,Scaled Quail,Callipepla squamata,0.3700549601831328,0.00271694005701592,0.3647297576713816,0.37538016269488406,Aridlands,NA,0.4903940231837396,1,0
annhum,Anna's Hummingbird,Calypte anna,0.3700003836535621,0.00282827981757698,0.3644569552111112,0.37554381209601295,Aridlands,NA,0.5332094066198678,1,0
coshum,Costa's Hummingbird,Calypte costae,0.3701386963873794,0.0033460194790228,0.3635804982084947,0.3766968945662641,Aridlands,NA,0.21668015245868588,0,1
cacwre,Cactus Wren,Campylorhynchus brunneicapillus,0.3701262258337039,0.00260980163737241,0.3650110146244539,0.3752414370429539,Aridlands,NA,0.3258958913610428,0,1
sprgro,spruce grouse,Canachites canadensis,0.3700254593553921,0.00171805140951744,0.3666580785927379,0.3733928401180463,Forest,NA,0.03315968825563242,0,1
y00678,crested caracara,Caracara plancus,0.3701811579787664,0.0037306297987637,0.3628691235731895,0.37749319238434326,Aridlands,NA,0.4458500551359916,1,0
canwar,Canada Warbler,Cardellina canadensis,0.36986786258638266,0.00174897772892541,0.3664398662376888,0.3732958589350765,Forest,Tipping Point,0.563261340507359,1,0
wlswar,Wilson's Warbler,Cardellina pusilla,0.36990973988487663,6.250707097613603e-4,0.3686846012937443,0.3711348784760089,Forest,NA,0.26602410251784014,0,1
refwar,Red-faced Warbler,Cardellina rubrifrons,0.36962558346580954,0.01000039553216297,0.3500248082227701,0.389226358708849,Forest,NA,0.4714099321292986,1,0
norcar,Northern Cardinal,Cardinalis cardinalis,0.3699949445460582,6.988760315320519e-4,0.36862514752425535,0.37136474156786103,Forest,NA,0.6305354855940513,1,0
pyrrhu,Pyrrhuloxia,Cardinalis sinuatus,0.37012428362871486,0.00328755274714443,0.36368068024431177,0.37656788701311794,Aridlands,NA,0.4797924164603158,1,0
turvul,Turkey Vulture,Cathartes aura,0.3699253603315702,5.903235868865971e-4,0.36876832610127247,0.3710823945618679,Habitat Generalist,NA,0.542080274680405,1,0
veery,Veery,Catharus fuscescens,0.36995189741985696,0.00149577455027404,0.3670201793013198,0.3728836155383941,Forest,NA,0.6350399020497228,1,0
herthr,Hermit Thrush,Catharus guttatus,0.3695648713423982,6.86744306211332e-4,0.368218852502224,0.3709108901825724,Forest,NA,0.4873168834761481,1,0
gycthr,Gray-cheeked Thrush,Catharus minimus,0.3697777865348321,0.0012252245868894,0.36737634634452887,0.37217922672513537,Forest,NA,0.12955099892468103,0,1
swathr,Swainson's Thrush,Catharus ustulatus,0.3699135362254152,8.495342866121591e-4,0.3682484490236554,0.371578623427175,Forest,NA,0.39177814974459446,1,0
canwre,Canyon Wren,Catherpes mexicanus,0.37000367089983294,0.0027563079588291,0.36460130730052787,0.375406034499138,Aridlands,NA,0.3871385262047937,1,0
saggro,Greater Sage-Grouse,Centrocercus urophasianus,0.36997351467655465,0.00284937753403703,0.36438873470984207,0.3755582946432672,Aridlands,Tipping Point,0.11915513109596532,0,1
baispa,Baird's Sparrow,Centronyx bairdii,0.37011860885217984,0.00301880287869203,0.36420175520994347,0.3760354624944162,Grasslands,Tipping Point,0.2961222832369472,0,1
henspa,Henslow's Sparrow,Centronyx henslowii,0.3699843377012418,0.0028177330615082,0.3644615809006856,0.3755070945017978,Grasslands,Tipping Point,0.5028802964513931,1,0
brncre,Brown Creeper,Certhia americana,0.3699504542425835,7.330293814667456e-4,0.3685137166549087,0.3713871918302583,Forest,NA,0.5479876175341962,1,0
chiswi,Chimney Swift,Chaetura pelagica,0.3698324815454702,0.00343685209646014,0.36309625143640833,0.3765687116545321,Forest,Tipping Point,0.5705569764451646,1,0
vauswi,Vaux's Swift,Chaetura vauxi,0.3697759307707389,0.00687100850575403,0.35630875409946094,0.38324310744201673,Forest,NA,0.4724295703889183,1,0
wrenti,Wrentit,Chamaea fasciata,0.3698919351957056,0.00474520059726616,0.36059134202506393,0.3791925283663473,Aridlands,NA,0.7261579357227674,1,0
mouplo,Mountain Plover,Charadrius montanus,0.3701703579586078,0.01066594412047712,0.34926510748247264,0.391075608434743,Grasslands,Tipping Point,0.20910366646141657,0,1
semplo,Semipalmated Plover,Charadrius semipalmatus,0.3665553101424403,0.00773273213484427,0.35139915515814557,0.3817114651267351,Water/wetland,NA,0.22766780743020967,0,1
killde,Killdeer,Charadrius vociferus,0.3699505224804981,9.730590131609104e-4,0.3680433268147027,0.3718577181462935,Habitat Generalist,NA,0.2714878571767745,0,1
blkter,Black Tern,Chlidonias niger,0.3657472662369008,0.00569075254234909,0.35459339125389655,0.37690114121990503,Water/wetland,NA,0.37597178322387137,0,0
larspa,Lark Sparrow,Chondestes grammacus,0.3700396807403683,8.210045386135037e-4,0.36843051184468584,0.3716488496360508,Grasslands,NA,0.4401620442499702,1,0
lesnig,Lesser Nighthawk,Chordeiles acutipennis,0.3702497448589259,0.00245542823280791,0.3654371055226224,0.3750623841952294,Aridlands,NA,0.29292618905287937,0,1
comnig,Common Nighthawk,Chordeiles minor,0.3699054320226711,7.022143950153082e-4,0.3685290918084411,0.3712817722369011,Habitat Generalist,NA,0.46678572485057845,1,0
bongul,Bonaparte's Gull,Chroicocephalus philadelphia,0.3649007218811281,0.00625918418175326,0.3526327208848917,0.37716872287736447,Water/wetland,NA,0.40209785837393,1,0
amedip,American Dipper,Cinclus mexicanus,0.3699445564756035,0.00360724924804713,0.3628743479494311,0.3770147650017759,Water/wetland,NA,0.3680366670710242,0,0
norhar2,Northern Harrier,Circus hudsonius,0.3698350693306201,6.350589150165002e-4,0.3685903538571877,0.3710797848040524,Habitat Generalist,NA,0.2737114171185264,0,1
marwre,Marsh Wren,Cistothorus palustris,0.3695690282133666,0.00147037868412879,0.3666870859924742,0.37245097043425907,Water/wetland,NA,0.27668945796959576,0,1
sedwre1,sedge wren,Cistothorus stellaris,0.3699725693148064,0.00135849383329529,0.36730992140154767,0.3726352172280652,Grasslands,NA,0.3060672393759767,0,1
lotduc,Long-tailed Duck,Clangula hyemalis,0.326345717671561,0.01340899388417173,0.3000640896585844,0.35262734568453763,Water/wetland,NA,0.4494524536069179,1,0
evegro,Evening Grosbeak,Coccothraustes vespertinus,0.369982110219757,0.00150786736716976,0.3670266901801043,0.37293753025940973,Forest,Tipping Point,0.5484310745222755,1,0
yebcuc,Yellow-billed Cuckoo,Coccyzus americanus,0.37000696161844326,7.598600336603623e-4,0.36851763595246895,0.3714962872844176,Forest,NA,0.6586774566167165,1,0
bkbcuc,Black-billed Cuckoo,Coccyzus erythropthalmus,0.3700417241022262,0.00186658699914149,0.3663832135839089,0.3737002346205435,Forest,Tipping Point,0.5455413064876748,1,0
norfli,Northern Flicker,Colaptes auratus,0.36995915340079527,3.2530316629285935e-4,0.36932155919486126,0.3705967476067293,Forest,NA,0.47398351357512736,1,0
gilfli,Gilded Flicker,Colaptes chrysoides,0.3703788508483044,0.00621956448524971,0.35818850445721495,0.38256919723939387,Aridlands,NA,0.22478312034581904,0,1
norbob,Northern Bobwhite,Colinus virginianus,0.3700086607623496,0.00126997394776217,0.3675195118247357,0.37249780969996343,Forest,NA,0.4950532092307097,1,0
incdov,Inca Dove,Columbina inca,0.3701352295570964,0.01335599375687077,0.3439574817936297,0.39631297732056314,Aridlands,NA,0.3719654210793806,0,0
cogdov,Common Ground Dove,Columbina passerina,0.3701882221298983,0.0034805535719621,0.3633663371288526,0.37701010713094407,Aridlands,NA,0.49467502024786825,1,0
olsfly,Olive-sided Flycatcher,Contopus cooperi,0.3699857015402743,7.084285122266573e-4,0.36859718165631006,0.3713742214242386,Forest,Tipping Point,0.34914608666769403,0,1
wewpew,Western Wood-Pewee,Contopus sordidulus,0.370026139872176,8.635703823887047e-4,0.3683335419226942,0.3717187378216579,Forest,NA,0.377255518564148,1,0
eawpew,Eastern Wood-Pewee,Contopus virens,0.3700027254360164,7.645007042855172e-4,0.36850430405561674,0.371501146816416,Forest,NA,0.6071069878001865,1,0
blkvul,Black Vulture,Coragyps atratus,0.3699806348877234,0.00146189740220624,0.3671153159793992,0.3728459537960477,Habitat Generalist,NA,0.706596079703731,1,0
ruckin,ruby-crowned kinglet,Corthylio calendula,0.3699219664541199,3.5863378145015e-4,0.3692190442424777,0.37062488866576226,Forest,NA,0.4464337887044621,1,0
amecro,American Crow,Corvus brachyrhynchos,0.36972059392020046,0.00107632602968092,0.36761099490202587,0.37183019293837505,Habitat Generalist,NA,0.5301326596713558,1,0
comrav,Common Raven,Corvus corax,0.3692050062148675,6.060957434294322e-4,0.3680170585577458,0.3703929538719892,Habitat Generalist,NA,0.2067488970317619,0,1
chirav,Chihuahuan Raven,Corvus cryptoleucus,0.3700573598739881,0.00309992178485757,0.3639815131756672,0.3761332065723089,Aridlands,NA,0.3273789790981212,0,1
fiscro,Fish Crow,Corvus ossifragus,0.3696035606429058,0.00282137037128968,0.364073674715178,0.3751334465706336,Habitat Generalist,NA,0.5866507136088739,1,0
grbani,Groove-billed Ani,Crotophaga sulcirostris,0.37008063153903753,0.00790643735019648,0.3545840143326524,0.38557724874542265,Habitat Generalist,NA,0.1685022087662773,0,1
blujay,Blue Jay,Cyanocitta cristata,0.36993070667902633,6.492586411749271e-4,0.36865815974232347,0.3712032536157292,Forest,NA,0.5792605797053303,1,0
stejay,Steller's Jay,Cyanocitta stelleri,0.37003578392731445,0.00187269716317815,0.36636529748748525,0.37370627036714366,Forest,NA,0.530406881113187,1,0
grnjay,Green Jay,Cyanocorax yncas,0.37032558876866,0.00592813364571301,0.3587064468230625,0.3819447307142575,Aridlands,NA,0.3114404043635659,0,1
truswa,Trumpeter Swan,Cygnus buccinator,0.3700098817758012,0.00235541154678223,0.365393275144108,0.3746264884074943,Water/wetland,NA,0.1747908690642508,0,1
tunswa,Tundra Swan,Cygnus columbianus,0.3691184827056396,0.00412150054936279,0.3610403416288885,0.37719662378239066,Water/wetland,NA,0.11998583931240198,0,1
blkswi,Black Swift,Cypseloides niger,0.36975289954690455,0.00594384239374568,0.358102968455163,0.3814028306386461,Forest,Tipping Point,0.3868746366887734,1,0
soogro1,Sooty Grouse,Dendragapus fuliginosus,0.36988504082310403,0.00456246497128997,0.3609426094793757,0.3788274721668324,Forest,NA,0.29663016557361743,0,1
dusgro,Dusky Grouse,Dendragapus obscurus,0.3701681803745359,0.00279490615227133,0.3646901643160841,0.37564619643298774,Forest,NA,0.28562980890953327,0,1
fuwduc,Fulvous Whistling-Duck,Dendrocygna bicolor,0.3700007992452274,0.00826743268559186,0.3537966311814673,0.38620496730898746,Water/wetland,NA,0.21617038814072131,0,1
boboli,Bobolink,Dolichonyx oryzivorus,0.36979758824033365,0.00372282064773756,0.362500859770768,0.3770943167098993,Grasslands,Tipping Point,0.3481069012005279,0,1
whhwoo,White-headed Woodpecker,Dryobates albolarvatus,0.3703292912650307,0.0066746666912234,0.35724694455023287,0.3834116379798286,Forest,NA,0.7313699880962758,1,0
recwoo,Red-cockaded Woodpecker,Dryobates borealis,0.3701261509508922,0.0101372562216138,0.35025712875652915,0.3899951731452552,Forest,NA,0.8827638119735237,1,0
nutwoo,Nuttall's Woodpecker,Dryobates nuttallii,0.3699523848611116,0.00430173958265507,0.3615209752791077,0.37838379444311554,Forest,NA,0.6020388990937136,1,0
dowwoo,Downy Woodpecker,Dryobates pubescens,0.3699964034707872,6.731342092028452e-4,0.3686770604207496,0.3713157465208247,Forest,NA,0.6113798569747858,1,0
labwoo,Ladder-backed Woodpecker,Dryobates scalaris,0.37008644067728974,0.00171088084844736,0.3667331142143329,0.37343976714024657,Aridlands,NA,0.4399409445876685,1,0
haiwoo,Hairy Woodpecker,Dryobates villosus,0.369999254494992,7.242268095417916e-4,0.36857976994829006,0.3714187390416939,Forest,NA,0.5800612874613944,1,0
pilwoo,Pileated Woodpecker,Dryocopus pileatus,0.3699961992016925,9.08303616992402e-4,0.3682159241123874,0.3717764742909976,Forest,NA,0.7558339900450477,1,0
grycat,Gray Catbird,Dumetella carolinensis,0.3699325245635108,7.86481385426893e-4,0.36839102104807414,0.3714740280789475,Forest,NA,0.515063260688168,1,0
libher,Little Blue Heron,Egretta caerulea,0.3698070555954471,0.0027623095055182,0.3643929289646314,0.3752211822262628,Water/wetland,NA,0.43279132793187103,1,0
snoegr,Snowy Egret,Egretta thula,0.36774648265600424,0.00609288199799229,0.3558044339399393,0.3796885313720691,Water/wetland,NA,0.3611476898346533,0,0
triher,Tricolored Heron,Egretta tricolor,0.36048630106870694,0.03129214965805212,0.2991536877389248,0.42181891439848906,Water/wetland,NA,0.45959128015790895,1,0
swtkit,Swallow-tailed Kite,Elanoides forficatus,0.3697579586299924,0.00717064824606224,0.3557034880677104,0.3838124291922744,Forest,NA,0.6622519532593333,1,0
whtkit,White-tailed Kite,Elanus leucurus,0.3704283814083247,0.00919747976197369,0.3524013210748562,0.38845544174179314,Habitat Generalist,NA,0.3197750931678769,0,1
aldfly,Alder Flycatcher,Empidonax alnorum,0.3699524994810691,0.00105104434866158,0.3678924525576924,0.3720125464044458,Forest,NA,0.28030728175083464,0,1
pasfly,Pacific-slope Flycatcher,Empidonax difficilis,0.3697563866505883,0.00248215083232451,0.3648913710192323,0.3746214022819444,Forest,NA,0.4125877248481764,1,0
yebfly,Yellow-bellied Flycatcher,Empidonax flaviventris,0.369873852809273,0.00182518860335701,0.3662964831466931,0.3734512224718527,Forest,NA,0.4301877440978706,1,0
hamfly,Hammond's Flycatcher,Empidonax hammondii,0.3699911885831351,0.00152024338378927,0.36701151155090816,0.3729708656153621,Forest,NA,0.40442663573201143,1,0
leafly,Least Flycatcher,Empidonax minimus,0.36998682449716214,9.218904435405888e-4,0.36817991922782256,0.3717937297665017,Forest,NA,0.4530990841118937,1,0
dusfly,Dusky Flycatcher,Empidonax oberholseri,0.3699762099965092,0.00118860633537544,0.3676465415791733,0.3723058784138451,Forest,NA,0.324720029439725,0,1
corfly,Cordilleran Flycatcher,Empidonax occidentalis,0.3700534938179405,0.00236067209864388,0.3654265765045985,0.3746804111312826,Forest,NA,0.4033961079257651,1,0
wilfly,Willow Flycatcher,Empidonax traillii,0.37000290920281775,8.674504126481904e-4,0.3683027063940273,0.3717031120116082,Forest,NA,0.35117897700456435,0,1
acafly,Acadian Flycatcher,Empidonax virescens,0.3700332952231308,0.00137573668280995,0.3673368513248233,0.37272973912143825,Forest,NA,0.770112271031842,1,0
gryfly,Gray Flycatcher,Empidonax wrightii,0.3699868219986078,0.00128552520372774,0.3674671925993014,0.37250645139791416,Forest,NA,0.18823255890023805,0,1
horlar,Horned Lark,Eremophila alpestris,0.3699743216622875,0.00125902489191895,0.3675066328741263,0.3724420104504486,Grasslands,NA,0.23730160542968093,0,1
whiibi,White Ibis,Eudocimus albus,0.3675684611196185,0.00510539093556817,0.3575618948859049,0.3775750273533321,Water/wetland,NA,0.4675334342666018,1,0
rusbla,Rusty Blackbird,Euphagus carolinus,0.369973602665332,0.00116203418879254,0.3676960156552986,0.37225118967536536,Forest,NA,0.3393675830902193,0,1
brebla,Brewer's Blackbird,Euphagus cyanocephalus,0.3699589768091131,0.00120743929275909,0.36759239579530534,0.372325557822921,Habitat Generalist,NA,0.3362302303307799,0,1
merlin,Merlin,Falco columbarius,0.3698018122312136,5.572596259470057e-4,0.36870958336435744,0.37089404109806967,Habitat Generalist,NA,0.2162283376498788,0,1
prafal,Prairie Falcon,Falco mexicanus,0.37001768908482474,8.129712845414644e-4,0.3684242653671234,0.371611112802526,Aridlands,NA,0.29264002745207307,0,1
perfal,Peregrine Falcon,Falco peregrinus,0.36567715169175097,0.00112023882881025,0.3634814835872829,0.36787281979621905,Habitat Generalist,NA,0.22163892362338464,0,1
amekes,American Kestrel,Falco sparverius,0.36996371985969234,5.269913393535281e-4,0.3689308168345594,0.37099662288482527,Habitat Generalist,NA,0.3820858596489245,1,0
y00475,American Coot,Fulica americana,0.3696970404267692,0.00391888144383063,0.3620160327968612,0.3773780480566773,Water/wetland,NA,0.2803416363587884,0,1
wilsni1,Wilson's Snipe,Gallinago delicata,0.3698786654256432,8.92821552741368e-4,0.3681287351822702,0.37162859566901624,Water/wetland,NA,0.19001987534277529,0,1
comgal1,Common Gallinule,Gallinula galeata,0.3697717996892571,0.00645725226146776,0.3571155852567803,0.38242801412173394,Water/wetland,NA,0.5031555411411412,1,0
yebloo,Yellow-billed Loon,Gavia adamsii,0.35832713881926315,0.00381248059462658,0.35085467685379507,0.3657996007847312,Water/wetland,Tipping Point,0.06732580077615213,0,1
comloo,Common Loon,Gavia immer,0.36394399989932025,0.00402183302973784,0.35606120716103407,0.3718267926376064,Water/wetland,NA,0.4215601672332987,1,0
retloo,Red-throated Loon,Gavia stellata,0.3498542882657391,0.00822567391234467,0.33373196739754357,0.36597660913393465,Water/wetland,NA,0.4235390075560186,1,0
greroa,Greater Roadrunner,Geococcyx californianus,0.3701627238191124,0.00200163221405416,0.3662395246795663,0.37408592295865856,Aridlands,NA,0.45775110417042697,1,0
kenwar,Kentucky Warbler,Geothlypis formosa,0.3700473827030338,0.00165737546668716,0.366798926788327,0.3732958386177406,Forest,NA,0.8521014130123932,1,0
mouwar,Mourning Warbler,Geothlypis philadelphia,0.36995884123200207,0.00213818296090331,0.36576800262863163,0.37414967983537256,Forest,Tipping Point,0.5768765730780281,1,0
macwar,MacGillivray's Warbler,Geothlypis tolmiei,0.370033244376219,9.98391309226875e-4,0.3680763974101343,0.37199009134230365,Forest,NA,0.3457082425113436,0,1
comyel,Common Yellowthroat,Geothlypis trichas,0.36992030264177256,6.151122660119206e-4,0.3687146826003892,0.3711259226831559,Habitat Generalist,NA,0.44536788425278306,1,0
nopowl,Northern Pygmy-Owl,Glaucidium gnoma,0.3700329203320898,0.00250149738305884,0.3651299854612944,0.37493585520288514,Forest,NA,0.5761373647363257,1,0
pinjay,Pinyon Jay,Gymnorhinus cyanocephalus,0.3698843174612763,0.0026662445979954,0.3646584780492053,0.3751101568733473,Forest,Tipping Point,0.14024902677424933,0,1
casfin,Cassin's Finch,Haemorhous cassinii,0.3699659941955013,0.00149398570902856,0.36703778220580535,0.37289420618519725,Forest,NA,0.3232439749908851,0,1
houfin,House Finch,Haemorhous mexicanus,0.3699991450349669,0.00136090622099175,0.36733176884182306,0.3726665212281107,Habitat Generalist,NA,0.3527960702303403,0,1
purfin,Purple Finch,Haemorhous purpureus,0.3699960869415346,8.930189366806836e-4,0.3682457698256405,0.3717464040574287,Forest,NA,0.5948285942423635,1,0
baleag,Bald Eagle,Haliaeetus leucocephalus,0.3662846476027084,0.00141834213020298,0.36350469702751054,0.36906459817790627,Water/wetland,NA,0.2720046300773724,0,1
woewar1,Worm-eating Warbler,Helmitheros vermivorum,0.369838711444123,0.00212734438834856,0.3656691164429598,0.3740083064452862,Forest,NA,0.8580854270823892,1,0
bknsti,Black-necked Stilt,Himantopus mexicanus,0.37004627849798166,0.00993669385068669,0.35057035855063573,0.3895221984453276,Water/wetland,NA,0.1532975978897002,0,1
barswa,Barn Swallow,Hirundo rustica,0.370010326193668,0.00546516328717084,0.35929860615081316,0.3807220462365229,Habitat Generalist,NA,0.3857439210581188,1,0
harduc,Harlequin Duck,Histrionicus histrionicus,0.3140343424226001,0.00609098788493584,0.3020960061681258,0.32597267867707436,Water/wetland,NA,0.4473537693751552,1,0
caster1,Caspian Tern,Hydroprogne caspia,0.34806323534236694,0.01294277783450721,0.3226953907867328,0.37343107989800106,Water/wetland,NA,0.4965748298490311,1,0
woothr,Wood Thrush,Hylocichla mustelina,0.3700024449105785,0.00113855633996521,0.3677708744842466,0.3722340153369103,Forest,Tipping Point,0.7499525960351314,1,0
yebcha,Yellow-breasted Chat,Icteria virens,0.37007130972785207,9.239804844849756e-4,0.36826030797826154,0.3718823114774426,Forest,NA,0.6192744397887083,1,0
bulori,Bullock's Oriole,Icterus bullockii,0.37002289118936926,0.00100392342413069,0.3680552012780731,0.3719905811006654,Forest,NA,0.3544733411222476,0,1
hooori,Hooded Oriole,Icterus cucullatus,0.370090698958496,0.00308356262662785,0.3640469162103054,0.3761344817066866,Aridlands,NA,0.3346846196559454,0,1
balori,Baltimore Oriole,Icterus galbula,0.36997879222909374,9.239853473253432e-4,0.3681677809483361,0.3717898035098514,Forest,NA,0.4329796418457259,1,0
scoori,Scott's Oriole,Icterus parisorum,0.3700287821282944,0.00236466418739076,0.3653940403210086,0.37466352393558033,Forest,NA,0.3029546455414369,0,1
orcori,Orchard Oriole,Icterus spurius,0.3696607010665188,8.51074068966395e-4,0.3679925958913447,0.37132880624169295,Forest,NA,0.5425387466007718,1,0
miskit,Mississippi Kite,Ictinia mississippiensis,0.36998536442374014,0.00164197352017108,0.3667670963242048,0.3732036325232755,Forest,NA,0.5819917685316984,1,0
leabit,Least Bittern,Ixobrychus exilis,0.3686763394016007,0.00452580804237103,0.3598057556385535,0.37754692316464794,Water/wetland,NA,0.36803405485385543,0,0
varthr,Varied Thrush,Ixoreus naevius,0.369282938032366,0.00160361483661933,0.3661398529525921,0.3724260231121399,Forest,NA,0.275411205077992,0,1
daejun,Dark-eyed Junco,Junco hyemalis,0.3699363777724071,4.251875995394376e-4,0.36910301007730983,0.3707697454675044,Forest,NA,0.4431810645269777,1,0
wilpta,Willow Ptarmigan,Lagopus lagopus,0.3694575583813779,0.00175749308283958,0.36601287193901233,0.3729022448237436,Water/wetland,NA,0.00329714417801341,0,1
norshr4,Northern Shrike,Lanius borealis,0.3699078181694987,7.075336397068398e-4,0.3685210522356733,0.3712945841033241,Water/wetland,NA,0.18660665804131504,0,1
logshr,Loggerhead Shrike,Lanius ludovicianus,0.3700156722143642,8.591584114308176e-4,0.3683317217279598,0.3716996227007686,Grasslands,NA,0.35162417038846794,0,1
hergul,Herring Gull,Larus argentatus,0.3641918273566955,0.00822870610015474,0.3480635634003922,0.3803200913129987,Water/wetland,NA,0.24790474110344896,0,1
calgul,California Gull,Larus californicus,0.3687165302072802,0.04449226786741851,0.2815116851871399,0.4559213752274204,Water/wetland,NA,0.11690406998510516,0,1
mewgul,Common Gull,Larus canus,0.3322314287040772,0.02178275676398445,0.28953722544666766,0.3749256319614867,Water/wetland,NA,0.0900252108276618,0,1
ribgul,Ring-billed Gull,Larus delawarensis,0.36886083001169406,0.00424116315177487,0.3605481502342153,0.3771735097891728,Water/wetland,NA,0.3293972649978141,0,1
gbbgul,Great Black-backed Gull,Larus marinus,0.33262360109421496,0.01480836013947546,0.30359921522084304,0.3616479869675869,Water/wetland,Tipping Point,0.7828427081182969,1,0
orcwar,orange-crowned warbler,Leiothlypis celata,0.3698832120519888,4.857447502977911e-4,0.3689311523414052,0.37083527176257247,Forest,NA,0.3101547599081321,0,1
lucwar,lucy's warbler,Leiothlypis luciae,0.37025446333077344,0.00331416511053795,0.36375869971411906,0.3767502269474278,Aridlands,NA,0.25677991645326514,0,1
tenwar,tennessee warbler,Leiothlypis peregrina,0.3699794070169566,8.622242662567806e-4,0.3682894474550933,0.3716693665788199,Forest,NA,0.5642866357383998,1,0
naswar,nashville warbler,Leiothlypis ruficapilla,0.3699763263667471,8.50306120995542e-4,0.36830972636959586,0.37164292636389834,Forest,NA,0.49779406371889,1,0
virwar,virginia's warbler,Leiothlypis virginiae,0.36995860220938065,0.0021322095747553,0.3657794714428602,0.374137732975901,Forest,NA,0.3323707528513401,0,1
fragul,Franklin's Gull,Leucophaeus pipixcan,0.3697537755146294,0.00833980044882325,0.35340776663493584,0.38609978439432296,Water/wetland,NA,0.47693759372308697,1,0
shbdow,Short-billed Dowitcher,Limnodromus griseus,0.3641525526326141,0.01835047532355535,0.3281856209984456,0.40011948426678257,Water/wetland,Tipping Point,0.30915482329980465,0,1
lobdow,Long-billed Dowitcher,Limnodromus scolopaceus,0.3697201220033733,0.00433559861898741,0.3612223487101579,0.3782178952965886,Water/wetland,Tipping Point,0.1764757900890761,0,1
swawar,Swainson's Warbler,Limnothlypis swainsonii,0.3700189624536828,0.00223138217882919,0.3656454533831776,0.374392471524188,Forest,NA,0.8544379933526629,1,0
margod,Marbled Godwit,Limosa fedoa,0.3700097350215099,0.01792780299573027,0.3348712411498786,0.4051482288931412,Water/wetland,NA,0.22063058522815476,0,1
hudgod,Hudsonian Godwit,Limosa haemastica,0.3698680884885639,0.00340358876282298,0.3631970545134308,0.376539122463697,Water/wetland,Tipping Point,0.19622783837410757,0,1
hoomer,Hooded Merganser,Lophodytes cucullatus,0.3700526115719748,0.00233356850004551,0.3654788173118856,0.374626405832064,Water/wetland,NA,0.44883433636506087,1,0
redcro,Red Crossbill,Loxia curvirostra,0.3692112018017065,0.00137912832464291,0.3665081102854064,0.37191429331800663,Forest,NA,0.5084527460947119,1,0
whwcro,White-winged Crossbill,Loxia leucoptera,0.3694824622447535,0.00141531636150279,0.366708442176208,0.372256482313299,Forest,NA,0.09221651028027784,0,1
amewig,American Wigeon,Mareca americana,0.3699384651158485,0.00365583624072862,0.3627730260840204,0.3771039041476766,Water/wetland,NA,0.25552221051741686,0,1
gadwal,Gadwall,Mareca strepera,0.3699370757657778,0.00187285724439165,0.36626627556677016,0.3736078759647854,Water/wetland,NA,0.3096417241122965,0,1
belkin1,Belted Kingfisher,Megaceryle alcyon,0.369641582619492,6.234927545587344e-4,0.3684195368205568,0.3708636284184271,Water/wetland,NA,0.5181180718325251,1,0
easowl1,Eastern Screech-Owl,Megascops asio,0.3700476483438636,0.0010965776747847,0.3678983561012856,0.3721969405864417,Forest,NA,0.6822945020872251,1,0
wesowl1,Western Screech-Owl,Megascops kennicottii,0.3699894572541369,0.00290465407471629,0.36429633526769295,0.3756825792405809,Forest,NA,0.4213595344521523,1,0
gofwoo,Golden-fronted Woodpecker,Melanerpes aurifrons,0.3701107214142545,0.00349248302909904,0.3632654546772204,0.3769559881512886,Aridlands,NA,0.41050059563065133,1,0
rebwoo,Red-bellied Woodpecker,Melanerpes carolinus,0.3699962300992169,7.579533635392449e-4,0.3685106415066799,0.37148181869175384,Forest,NA,0.6544458265983124,1,0
rehwoo,Red-headed Woodpecker,Melanerpes erythrocephalus,0.3700035338022716,9.228553300251028e-4,0.3681947373554224,0.37181233024912086,Forest,Tipping Point,0.5497888786441438,1,0
acowoo,Acorn Woodpecker,Melanerpes formicivorus,0.3701119710450579,0.00427925455253549,0.36172463212208833,0.37849930996802744,Forest,NA,0.7117700845361642,1,0
lewwoo,Lewis's Woodpecker,Melanerpes lewis,0.3699219006115389,0.00261749734736867,0.3647916058106963,0.3750521954123815,Forest,NA,0.38266045394756176,1,0
gilwoo,Gila Woodpecker,Melanerpes uropygialis,0.37042182249289274,0.0051547301733926,0.3603185513530433,0.38052509363274223,Aridlands,NA,0.3241515751251427,0,1
blksco2,Black Scoter,Melanitta americana,0.3201438795808461,0.00724096484477298,0.3059515884850911,0.33433617067660115,Water/wetland,Tipping Point,0.5474512315868607,1,0
whwsco2,white-winged scoter,Melanitta deglandi,0.33909592409875555,0.00839831274176232,0.3226352311249014,0.3555566170726097,Water/wetland,NA,0.49520166506453134,1,0
sursco,Surf Scoter,Melanitta perspicillata,0.32723947068426124,0.00946502408493675,0.3086880234777852,0.3457909178907373,Water/wetland,NA,0.7222287020266003,1,0
wiltur,Wild Turkey,Meleagris gallopavo,0.37003815498902065,8.801606169259499e-4,0.3683130401798458,0.3717632697981955,Forest,NA,0.616601936689043,1,0
swaspa,Swamp Sparrow,Melospiza georgiana,0.3698777081227565,8.549212522002045e-4,0.3682020624684441,0.3715533537770689,Water/wetland,NA,0.4634720061301225,1,0
linspa,Lincoln's Sparrow,Melospiza lincolnii,0.3699746281570963,4.8814936208167416e-4,0.3690178554074162,0.3709314009067764,Forest,NA,0.3242030235133256,0,1
sonspa,Song Sparrow,Melospiza melodia,0.3696892035286093,4.884452006991784e-4,0.3687318509352389,0.37064655612197966,Habitat Generalist,NA,0.4780109262661507,1,0
abetow,Abert's Towhee,Melozone aberti,0.37068002805702416,0.00894281131830419,0.35315211787314793,0.3882079382409004,Aridlands,NA,0.4844237409561174,1,0
caltow,California Towhee,Melozone crissalis,0.3699366110152312,0.00456147887920661,0.3609961124119862,0.37887710961847615,Aridlands,NA,0.6605641832567244,1,0
cantow,Canyon Towhee,Melozone fusca,0.36998400901334105,0.00310018442407583,0.3639076475421524,0.37606037048452967,Aridlands,NA,0.46600445175317873,1,0
commer,Common Merganser,Mergus merganser,0.369228110629112,0.00811179950000978,0.3533289836090929,0.3851272376491312,Water/wetland,NA,0.4352847426375814,1,0
rebmer,Red-breasted Merganser,Mergus serrator,0.3633693459486913,0.01506629788261221,0.33383940209877133,0.3928992897986113,Water/wetland,NA,0.3721315013766253,0,0
normoc,Northern Mockingbird,Mimus polyglottos,0.36993420881473815,7.926736898133131e-4,0.36838056838270405,0.37148784924677225,Habitat Generalist,NA,0.5056284658330854,1,0
bawwar,Black-and-white Warbler,Mniotilta varia,0.36992974027303704,9.311225964408974e-4,0.3681047399840129,0.3717547405620612,Forest,NA,0.6463254563678311,1,0
brocow,Bronzed Cowbird,Molothrus aeneus,0.3701101910927525,0.00657848546916666,0.35721635957318576,0.38300402261231914,Aridlands,NA,0.2685134038817103,0,1
bnhcow,Brown-headed Cowbird,Molothrus ater,0.369975070746156,0.00254567274291529,0.364985552170042,0.3749645893222699,Habitat Generalist,NA,0.3724307311092336,0,0
towsol,Townsend's Solitaire,Myadestes townsendi,0.3699190321382452,0.00111656756344453,0.3677305597138939,0.3721075045625965,Forest,NA,0.36475519897279163,0,1
woosto,Wood Stork,Mycteria americana,0.3704170031662639,0.0058301897867642,0.3589898311842061,0.38184417514832175,Water/wetland,NA,0.4745361603359566,1,0
astfly,Ash-throated Flycatcher,Myiarchus cinerascens,0.3700527058207593,0.00112375880249177,0.3678501385678754,0.37225527307364314,Aridlands,NA,0.351453225022996,0,1
grcfly,Great Crested Flycatcher,Myiarchus crinitus,0.36998298864285023,7.645545721526614e-4,0.368484461681431,0.37148151560426945,Forest,NA,0.6267914936679722,1,0
bncfly,Brown-crested Flycatcher,Myiarchus tyrannulus,0.3702013230205069,0.00313398019640081,0.36405872183556126,0.3763439242054524,Aridlands,NA,0.3262771254117246,0,1
doccor,double-crested cormorant,Nannopterum auritum,0.3650307718386112,0.00794262241210922,0.3494632319108771,0.3805983117663452,Water/wetland,NA,0.4865817555387064,1,0
clanut,Clark's Nutcracker,Nucifraga columbiana,0.3699347903830242,0.00219422313670857,0.36563411303507537,0.374235467730973,Forest,NA,0.25661744374436,0,1
lobcur,Long-billed Curlew,Numenius americanus,0.3700691868999,0.00444071893244357,0.3613653777923106,0.37877299600748937,Grasslands,NA,0.23663138058882532,0,1
whimbr,Whimbrel,Numenius phaeopus,0.36878485125605354,0.00565814726001907,0.35769488262641613,0.37987481988569094,Water/wetland,Tipping Point,0.1731032450761587,0,1
bcnher,Black-crowned Night-Heron,Nycticorax nycticorax,0.36917691629811944,0.00284659660188297,0.3635975869584288,0.37475624563781007,Water/wetland,NA,0.3099242596206908,0,1
conwar,Connecticut Warbler,Oporornis agilis,0.3701696676286609,0.00553863456113092,0.35931394388884424,0.3810253913684775,Forest,NA,0.40149332940943694,1,0
mouqua,Mountain Quail,Oreortyx pictus,0.3700844926943207,0.00405341220385661,0.3621398047747617,0.3780291806138797,Forest,NA,0.650613156315341,1,0
sagthr,Sage Thrasher,Oreoscoptes montanus,0.3699847869340288,0.00132085411731463,0.3673959128640921,0.3725736610039655,Aridlands,NA,0.1875570469019887,0,1
rudduc,Ruddy Duck,Oxyura jamaicensis,0.3698024202470741,0.00452690042864695,0.360929695406926,0.3786751450872221,Water/wetland,NA,0.3329902940617117,0,1
osprey,Osprey,Pandion haliaetus,0.3669097463817095,0.00210382534603425,0.3627862487034824,0.3710332440599366,Water/wetland,NA,0.4245793760804908,1,0
hrshaw,Harris's Hawk,Parabuteo unicinctus,0.3701364164092815,0.00561956062493006,0.3591220775844186,0.3811507552341444,Aridlands,NA,0.3105104130213192,0,1
louwat,Louisiana Waterthrush,Parkesia motacilla,0.3700119040416358,0.00143603279375903,0.3671972797658681,0.37282652831740354,Forest,NA,0.8454778037818712,1,0
norwat,Northern Waterthrush,Parkesia noveboracensis,0.3699014273964224,8.748092295422004e-4,0.3681868013065197,0.3716160534863251,Forest,NA,0.2556326555063082,0,1
savspa,Savannah Sparrow,Passerculus sandwichensis,0.3693009503980609,6.819114890629358e-4,0.3679644038794975,0.37063749691662423,Grasslands,NA,0.29580834402058587,0,1
foxspa,Fox Sparrow,Passerella iliaca,0.3694701237643252,7.551903147789063e-4,0.3679899507473585,0.3709502967812919,Forest,NA,0.2910130383557794,0,1
lazbun,Lazuli Bunting,Passerina amoena,0.3700521726952809,9.889749498295489e-4,0.3681137817936149,0.3719905635969468,Forest,NA,0.31374154136679966,0,1
blugrb1,Blue Grosbeak,Passerina caerulea,0.3700296594441415,7.935194030907614e-4,0.3684743614140836,0.3715849574741994,Forest,NA,0.513334874928395,1,0
paibun,Painted Bunting,Passerina ciris,0.3700377629843419,0.00170419732670329,0.3666975362240034,0.37337798974468034,Forest,NA,0.6438746159796003,1,0
indbun,Indigo Bunting,Passerina cyanea,0.3700162621814666,8.815114674158653e-4,0.3682884997053315,0.3717440246576017,Forest,NA,0.5892770256470761,1,0
varbun,Varied Bunting,Passerina versicolor,0.37009347206093585,0.00623591582579051,0.35787107704238647,0.38231586707948523,Aridlands,NA,0.40946203963846983,1,0
batpig1,Band-tailed Pigeon,Patagioenas fasciata,0.37011681321791945,0.00332525452492842,0.36359931434905973,0.3766343120867792,Forest,NA,0.6202387290545417,1,0
amwpel,American White Pelican,Pelecanus erythrorhynchos,0.3689190346391928,0.00558238383486687,0.35797756232285377,0.3798605069555319,Water/wetland,NA,0.3946832305352487,1,0
gryjay,Canada Jay,Perisoreus canadensis,0.3700298198370154,0.001420711266438,0.3672452257547968,0.3728144139192338,Forest,NA,0.11770546876251052,0,1
cavswa,Cave Swallow,Petrochelidon fulva,0.37006123883175657,0.00218702381532358,0.36577467215372234,0.3743478055097908,Aridlands,NA,0.5581433686306814,1,0
cliswa,Cliff Swallow,Petrochelidon pyrrhonota,0.36996121763281353,7.79053559217816e-4,0.3684342726567466,0.37148816260888046,Habitat Generalist,NA,0.3537135886025907,0,1
bacspa,Bachman's Sparrow,Peucaea aestivalis,0.36991181926584654,0.006767988088396,0.35664656261259037,0.3831770759191027,Forest,Tipping Point,0.8458710585573357,1,0
casspa,Cassin's Sparrow,Peucaea cassinii,0.370090492908761,0.00170774920361749,0.36674330446967074,0.37343768134785127,Grasslands,NA,0.4320411526532392,1,0
phaino,Phainopepla,Phainopepla nitens,0.37011017012283487,0.0031927463187453,0.3638523873380941,0.3763679529075757,Aridlands,NA,0.28967072114260617,0,1
compoo,Common Poorwill,Phalaenoptilus nuttallii,0.3700184516086695,0.00136966156340548,0.3673339149443947,0.37270298827294424,Aridlands,NA,0.32450034474653644,0,1
renpha,Red-necked Phalarope,Phalaropus lobatus,0.3627839576857024,0.01424663423027067,0.33486055459437186,0.3907073607770329,Water/wetland,NA,0.14327734921785568,0,1
wilpha,Wilson's Phalarope,Phalaropus tricolor,0.3704645656267963,0.01773357835106264,0.3357067520587136,0.40522237919487913,Water/wetland,NA,0.08290921222498898,0,1
robgro,Rose-breasted Grosbeak,Pheucticus ludovicianus,0.3699427115720971,9.469529814470292e-4,0.368086683728461,0.3717987394157333,Forest,NA,0.5424890867317564,1,0
bkhgro,Black-headed Grosbeak,Pheucticus melanocephalus,0.37001556822423515,0.00107814145625932,0.3679024109699669,0.37212872547850345,Forest,NA,0.4269098266679064,1,0
arcwar1,Arctic Warbler,Phylloscopus borealis,0.3685434115344012,0.00222445723627834,0.3641834753512957,0.3729033477175068,Water/wetland,NA,0.00570909221460169,0,1
bkbmag1,Black-billed Magpie,Pica hudsonia,0.3698102956977531,0.00136867001872629,0.36712770246104953,0.37249288893445665,Habitat Generalist,NA,0.2575831675552244,0,1
yebmag,Yellow-billed Magpie,Pica nuttalli,0.3696530642683938,0.01382404740741804,0.3425579313498544,0.3967481971869331,Forest,Tipping Point,0.5757564406521851,1,0
bkbwoo,Black-backed Woodpecker,Picoides arcticus,0.3700277980507144,0.00427850559408712,0.36164192708630366,0.37841366901512513,Forest,NA,0.4397868943325598,1,0
attwoo1,American Three-toed Woodpecker,Picoides dorsalis,0.3700670974276693,0.00225264083080012,0.36565192139930097,0.3744822734560375,Forest,NA,0.19647538856287383,0,1
pingro,Pine Grosbeak,Pinicola enucleator,0.36982570213308075,0.00112671350710346,0.36761734365915794,0.3720340606070035,Forest,NA,0.08122817445386021,0,1
gnttow,Green-tailed Towhee,Pipilo chlorurus,0.3700284014768032,0.00124384328847146,0.3675904686313991,0.3724663343222072,Aridlands,NA,0.2495316492157704,0,1
eastow,Eastern Towhee,Pipilo erythrophthalmus,0.3699849227473901,9.937157859156403e-4,0.36803723980699543,0.37193260568778475,Forest,NA,0.709758356277089,1,0
spotow,Spotted Towhee,Pipilo maculatus,0.37001392650088816,8.814842084420567e-4,0.36828621745234175,0.37174163554943457,Forest,NA,0.458001718128742,1,0
heptan,Hepatic Tanager,Piranga flava,0.370075372926907,0.0048522950136956,0.3605648747000636,0.3795858711537504,Forest,NA,0.4405742747680321,1,0
westan,Western Tanager,Piranga ludoviciana,0.37002119514292314,9.37223453433528e-4,0.3681842371741934,0.3718581531116529,Forest,NA,0.3667279396199848,0,1
scatan,Scarlet Tanager,Piranga olivacea,0.3698190548270864,0.00128249700407758,0.3673053606990943,0.3723327489550785,Forest,NA,0.7802067654560751,1,0
sumtan,Summer Tanager,Piranga rubra,0.369966547086754,0.00108799168568056,0.3678340833828201,0.37209901079068786,Forest,NA,0.7360231433576275,1,0
rosspo1,Roseate Spoonbill,Platalea ajaja,0.3666092819329269,0.0050420684162265,0.35672682783712295,0.3764917360287309,Water/wetland,NA,0.3970251326042935,1,0
snobun,Snow Bunting,Plectrophenax nivalis,0.3682752620832414,0.00137697391538755,0.3655763932090818,0.370974130957401,Water/wetland,NA,0.13585384755557067,0,1
whfibi,White-faced Ibis,Plegadis chihi,0.3699484030781818,0.00500682029204764,0.3601350353057684,0.3797617708505951,Water/wetland,NA,0.1603529178488322,0,1
gloibi,Glossy Ibis,Plegadis falcinellus,0.369387760147102,0.00757514688185604,0.35454047225866414,0.3842350480355399,Water/wetland,NA,0.5528904611004739,1,0
amgplo,American Golden-Plover,Pluvialis dominica,0.3699885439781645,0.00407225632075887,0.36200692158947706,0.3779701663668518,Water/wetland,Tipping Point,0.0986894371101263,0,1
pagplo,Pacific Golden-Plover,Pluvialis fulva,0.3625749702491131,0.00512674832340112,0.35252654353524693,0.3726233969629793,Water/wetland,NA,0.14617682169168944,0,1
bkbplo,Black-bellied Plover,Pluvialis squatarola,0.36478682647802424,0.01057756992933897,0.34405478941651985,0.38551886353952863,Water/wetland,NA,0.2216871840264716,0,1
horgre,Horned Grebe,Podiceps auritus,0.36281837038186954,0.00426139750363783,0.3544660312747394,0.37117070948899966,Water/wetland,NA,0.40442365068356345,1,0
rengre,Red-necked Grebe,Podiceps grisegena,0.36071977765727337,0.00487143672452612,0.35117176167720215,0.3702677936373446,Water/wetland,NA,0.3382655742171763,0,1
eargre,Eared Grebe,Podiceps nigricollis,0.370533826123096,0.01770123513989218,0.3358394052489073,0.40522824699728466,Water/wetland,NA,0.06753331970476593,0,1
pibgre,Pied-billed Grebe,Podilymbus podiceps,0.3698812172982482,0.00137664228562151,0.36718299841843,0.3725794361780664,Water/wetland,NA,0.4121557195033167,1,0
bkcchi,Black-capped Chickadee,Poecile atricapillus,0.3699643610902939,0.00119401407595869,0.3676240935014149,0.37230462867917297,Forest,NA,0.5396391311760524,1,0
carchi,Carolina Chickadee,Poecile carolinensis,0.3699983975771931,0.00106792992491048,0.36790525492436854,0.37209154023001767,Forest,NA,0.7567447461743271,1,0
mouchi,Mountain Chickadee,Poecile gambeli,0.37004951433542427,0.00179614062525862,0.36652907870991736,0.3735699499609312,Forest,NA,0.38442976827216,1,0
borchi2,Boreal Chickadee,Poecile hudsonicus,0.37002856439407983,0.00178019893706284,0.3665393744774366,0.37351775431072304,Forest,NA,0.01892860477407088,0,1
chbchi,Chestnut-backed Chickadee,Poecile rufescens,0.36983525442510623,0.00303974447496319,0.3638773552541784,0.3757931535960341,Forest,NA,0.5586408309418438,1,0
buggna,Blue-gray Gnatcatcher,Polioptila caerulea,0.36999491912235777,7.152477924805666e-4,0.36859303344909583,0.3713968047956197,Habitat Generalist,NA,0.6138896055680467,1,0
bktgna,Black-tailed Gnatcatcher,Polioptila melanura,0.3702422986230269,0.00335128660741929,0.3636737768724851,0.37681082037356867,Aridlands,NA,0.22572811135131587,0,1
steeid,Steller's Eider,Polysticta stelleri,0.3317333452201953,0.01048446754229945,0.31118378883728837,0.35228290160310227,Water/wetland,NA,0.5219018782112244,1,0
vesspa,Vesper Sparrow,Pooecetes gramineus,0.3700350510471804,7.819843884219436e-4,0.3685023616458734,0.37156774044848745,Grasslands,NA,0.3682187265090375,0,1
purgal2,purple gallinule,Porphyrio martinica,0.36988798489971775,0.00728702576588609,0.355605414398581,0.3841705554008545,Water/wetland,NA,0.5021578429202376,1,0
sora,Sora,Porzana carolina,0.37000851272323504,0.00131687578821099,0.3674274361783415,0.3725895892681286,Water/wetland,NA,0.26046030876400306,0,1
purmar,Purple Martin,Progne subis,0.3691905539288405,0.02760995190225365,0.3150750482004233,0.4233060596572577,Habitat Generalist,NA,0.3786918035469138,0,0
prowar,Prothonotary Warbler,Protonotaria citrea,0.37009012500107097,0.00267314510829917,0.3648507605888046,0.3753294894133373,Forest,NA,0.6262298647609472,1,0
bushti,Bushtit,Psaltriparus minimus,0.3699579555902069,0.00194707412223908,0.3661416903106183,0.3737742208697955,Forest,NA,0.30312367081491276,0,1
verfly,Vermilion Flycatcher,Pyrocephalus rubinus,0.3702305274623444,0.00255816322768848,0.365216527536075,0.37524452738861386,Aridlands,NA,0.49966991121491233,1,0
botgra,Boat-tailed Grackle,Quiscalus major,0.368730735590752,0.0091866004261127,0.3507249987555711,0.38673647242593295,Water/wetland,NA,0.35801806744905207,0,0
grtgra,Great-tailed Grackle,Quiscalus mexicanus,0.3695359289817759,0.00388502737224268,0.3619212753321802,0.3771505826313716,Habitat Generalist,NA,0.3078958688055988,0,1
comgra,Common Grackle,Quiscalus quiscula,0.3695266882998251,0.01231287018375939,0.34539346273965676,0.3936599138599935,Habitat Generalist,NA,0.3475315286402432,0,0
kinrai4,King Rail,Rallus elegans,0.3693932678247638,0.00592364059527694,0.357782932258021,0.3810036033915066,Water/wetland,Tipping Point,0.4553549046414074,1,0
virrai,Virginia Rail,Rallus limicola,0.3699667577997056,0.00141802220833145,0.3671874342713759,0.3727460813280352,Water/wetland,NA,0.3191837260933344,0,1
ameavo,American Avocet,Recurvirostra americana,0.3701161440362245,0.01455791830151855,0.3415826241652481,0.3986496639072008,Water/wetland,NA,0.08605031160042236,0,1
gockin,Golden-crowned Kinglet,Regulus satrapa,0.36979475815455654,7.706592435949205e-4,0.3682842660371105,0.37130525027200256,Forest,NA,0.5681362408721045,1,0
mcclon,Thick-billed Longspur,Rhynchophanes mccownii,0.37004684218949496,0.00344956941176738,0.3632856861424309,0.376807998236559,Grasslands,Tipping Point,0.3327938142759217,0,1
banswa,Bank Swallow,Riparia riparia,0.36964694284831584,0.00356060922637374,0.3626681487646233,0.3766257369320084,Habitat Generalist,NA,0.2169769267052008,0,1
rocwre,Rock Wren,Salpinctes obsoletus,0.37002122136750026,0.00105826231526512,0.3679470272295806,0.3720954155054199,Aridlands,NA,0.25514716829714157,0,1
blkpho,Black Phoebe,Sayornis nigricans,0.3699078621093081,0.0023118188019970202,0.3653766972573939,0.3744390269612223,Water/wetland,NA,0.3859580248478025,1,0
easpho,Eastern Phoebe,Sayornis phoebe,0.3699490634146551,7.060453350100047e-4,0.3685652145580355,0.37133291227127474,Forest,NA,0.6700671815411414,1,0
saypho,Say's Phoebe,Sayornis saya,0.3700530148533774,8.912997908894003e-4,0.36830606726323417,0.3717999624435206,Habitat Generalist,NA,0.31057991118720363,0,1
amewoo,American Woodcock,Scolopax minor,0.369990428010189,0.00106962428949745,0.367893964402774,0.372086891617604,Forest,NA,0.6474985002380977,1,0
ovenbi1,Ovenbird,Seiurus aurocapilla,0.36993926858322573,0.00140965451154388,0.3671763457405997,0.37270219142585176,Forest,NA,0.7157347722860068,1,0
calhum,Calliope Hummingbird,Selasphorus calliope,0.3700694077947501,0.00230516967350444,0.3655512752346814,0.3745875403548189,Forest,NA,0.4399259149065806,1,0
brthum,Broad-tailed Hummingbird,Selasphorus platycercus,0.37001610089227394,0.0022419144657627,0.365621948539379,0.37441025324516886,Forest,NA,0.3767630849080992,1,0
rufhum,Rufous Hummingbird,Selasphorus rufus,0.3698551287385736,0.00136557745295158,0.3671785969307885,0.3725316605463587,Forest,Tipping Point,0.3666277206126479,0,1
allhum,Allen's Hummingbird,Selasphorus sasin,0.37001224847409314,0.01089697604507154,0.34865417542575294,0.39137032152243334,Aridlands,Tipping Point,0.31611533252517887,0,1
norpar,Northern Parula,Setophaga americana,0.369956778903688,0.00110258245010703,0.3677957173014782,0.3721178405058978,Forest,NA,0.6912239597487997,1,0
btbwar,Black-throated Blue Warbler,Setophaga caerulescens,0.369800469950774,0.00197886798318186,0.36592188870373754,0.3736790511978104,Forest,NA,0.6977141959256075,1,0
babwar,Bay-breasted Warbler,Setophaga castanea,0.369947310392102,0.00119366318836637,0.3676077305429039,0.3722868902413001,Forest,NA,0.595233001297089,1,0
cerwar,Cerulean Warbler,Setophaga cerulea,0.3699580072792612,0.00377005913299812,0.3625686913785849,0.3773473231799375,Forest,Tipping Point,0.905724925324904,1,0
hoowar,Hooded Warbler,Setophaga citrina,0.36999744655739575,0.00167921838504027,0.3667061785227168,0.3732887145920747,Forest,NA,0.878423358981457,1,0
yerwar,Yellow-rumped Warbler,Setophaga coronata,0.3698227129150254,3.836844078170272e-4,0.369070691475704,0.37057473435434674,Forest,NA,0.429110836321533,1,0
prawar,Prairie Warbler,Setophaga discolor,0.3699897761483581,0.00158501576399233,0.3668831452509331,0.373096407045783,Forest,Tipping Point,0.790738553961853,1,0
yetwar,Yellow-throated Warbler,Setophaga dominica,0.37000586210074937,0.00149616849762028,0.3670733718454136,0.37293835235608513,Forest,NA,0.7776492506729431,1,0
bkbwar,Blackburnian Warbler,Setophaga fusca,0.3698954142211861,0.00137745586534383,0.3671956007251122,0.37259522771726,Forest,NA,0.6332962607465172,1,0
grawar,Grace's Warbler,Setophaga graciae,0.369752141414956,0.00472706433273096,0.3604870953228033,0.37901718750710867,Forest,Tipping Point,0.4325946891012151,1,0
magwar,Magnolia Warbler,Setophaga magnolia,0.3699326186738051,9.576489034732904e-4,0.3680556268229975,0.3718096105246127,Forest,NA,0.5647462379759389,1,0
btywar,Black-throated Gray Warbler,Setophaga nigrescens,0.3700014903920836,0.0014905546458441,0.36708000328622914,0.372922977497938,Forest,NA,0.33679782239074824,0,1
herwar,Hermit Warbler,Setophaga occidentalis,0.37013490059905335,0.00333452156536272,0.3635992383309424,0.3766705628671642,Forest,NA,0.6111223673113231,1,0
palwar,Palm Warbler,Setophaga palmarum,0.3698763039968512,0.00137100358237885,0.3671891369753887,0.3725634710183138,Forest,NA,0.5305176907343813,1,0
chswar,Chestnut-sided Warbler,Setophaga pensylvanica,0.36996775480364,0.00124148712822984,0.3675344400323095,0.37240106957497054,Forest,NA,0.6485060583335299,1,0
yelwar,Yellow Warbler,Setophaga petechia,0.36995691751172327,4.8295341035082347e-4,0.3690103288274357,0.37090350619601087,Forest,NA,0.340994122521038,0,1
pinwar,Pine Warbler,Setophaga pinus,0.3699651152662751,0.00128350725899845,0.36744944103863814,0.3724807894939121,Forest,NA,0.7739462247645013,1,0
amered,American Redstart,Setophaga ruticilla,0.369919907062103,8.015176206233601e-4,0.3683489325256812,0.3714908815985248,Forest,NA,0.5388483806644917,1,0
bkpwar,Blackpoll Warbler,Setophaga striata,0.3698808191404171,8.497072561156676e-4,0.3682153929184304,0.3715462453624039,Forest,NA,0.35309697626815995,0,1
camwar,Cape May Warbler,Setophaga tigrina,0.3698302889701619,0.00140218878114918,0.36708199895910953,0.3725785789812144,Forest,NA,0.6624414741989022,1,0
towwar,Townsend's Warbler,Setophaga townsendi,0.3698949739951639,0.00169800502447685,0.3665668841471893,0.3732230638431385,Forest,NA,0.3927092576399696,1,0
btnwar,Black-throated Green Warbler,Setophaga virens,0.3699362271991615,0.00122052884655462,0.3675439906599144,0.3723284637384086,Forest,NA,0.65309702427526,1,0
moublu,Mountain Bluebird,Sialia currucoides,0.3699785640194686,0.00101014806859116,0.36799867380502993,0.3719584542339073,Forest,NA,0.31857349403188573,0,1
wesblu,Western Bluebird,Sialia mexicana,0.3700217086265381,0.00163112546685263,0.36682470271150686,0.3732187145415693,Forest,NA,0.44547404679739344,1,0
easblu,Eastern Bluebird,Sialia sialis,0.36998162641460425,7.359253362934857e-4,0.368539212755469,0.3714240400737394,Forest,NA,0.6569950319863387,1,0
rebnut,Red-breasted Nuthatch,Sitta canadensis,0.3699837610929313,9.5938065694379e-4,0.3681033750053215,0.3718641471805411,Forest,NA,0.5346782200009306,1,0
whbnut,White-breasted Nuthatch,Sitta carolinensis,0.370002903655058,9.23635158069551e-4,0.3681925787452417,0.3718132285648743,Forest,NA,0.6338136434001143,1,0
bnhnut,Brown-headed Nuthatch,Sitta pusilla,0.3699947700854283,0.00244278514166821,0.3652069112077586,0.374782628963098,Forest,NA,0.7564699001265183,1,0
pygnut,Pygmy Nuthatch,Sitta pygmaea,0.3698272400695373,0.00437629192604248,0.36124970789449407,0.3784047722445806,Forest,NA,0.5182920905907804,1,0
kineid,King Eider,Somateria spectabilis,0.33141623960224176,0.00745707432203269,0.3168003739310577,0.3460321052734258,Water/wetland,Tipping Point,0.13054724180386773,0,1
norsho,Northern Shoveler,Spatula clypeata,0.3699002134033236,0.00442214558986707,0.3612328080471841,0.37856761875946304,Water/wetland,NA,0.19776188183326115,0,1
cintea,Cinnamon Teal,Spatula cyanoptera,0.37007352808647315,0.00269743240573793,0.3647865605712268,0.3753604956017194,Water/wetland,NA,0.17211386908591608,0,1
buwtea,Blue-winged Teal,Spatula discors,0.36982751878599823,0.00161543540458037,0.3666612653930207,0.3729937721789758,Water/wetland,NA,0.2907429785474893,0,1
rensap,Red-naped Sapsucker,Sphyrapicus nuchalis,0.3700072117195828,0.00127451038235073,0.36750917137017536,0.3725052520689902,Forest,NA,0.32842597280286556,0,1
rebsap,Red-breasted Sapsucker,Sphyrapicus ruber,0.3698203401593455,0.00265796405409984,0.36461073061330984,0.3750299497053812,Forest,NA,0.4456120041737677,1,0
wilsap,Williamson's Sapsucker,Sphyrapicus thyroideus,0.36999930445562257,0.00215499806682883,0.36577550824463806,0.3742231006666071,Forest,NA,0.4642787111614606,1,0
yebsap,Yellow-bellied Sapsucker,Sphyrapicus varius,0.3699755800480376,8.705351001065004e-4,0.36826933125182887,0.37168182884424633,Forest,NA,0.6822768381403949,1,0
lawgol,Lawrence's Goldfinch,Spinus lawrencei,0.37029304070162505,0.00364279612963106,0.3631531602875482,0.3774329211157019,Aridlands,NA,0.5393561017711059,1,0
pinsis,Pine Siskin,Spinus pinus,0.36986298425530073,8.338021602755848e-4,0.3682287320211606,0.3714972364894409,Forest,NA,0.4583710194653888,1,0
lesgol,Lesser Goldfinch,Spinus psaltria,0.3700604868389744,0.00130881566782379,0.3674952081300397,0.372625765547909,Forest,NA,0.3986178240382188,1,0
amegfi,American Goldfinch,Spinus tristis,0.3699409485173429,4.877119002986932e-4,0.36898503319275744,0.3708968638419283,Forest,NA,0.5282992067353245,1,0
dickci,Dickcissel,Spiza americana,0.37000423229409973,0.0012855774389878,0.3674845005136837,0.3725239640745158,Grasslands,NA,0.3807037205943196,1,0
bkcspa,Black-chinned Sparrow,Spizella atrogularis,0.3699433773628723,0.00421186250313495,0.36168812685672785,0.37819862786901687,Aridlands,Tipping Point,0.4132247441118224,1,0
brespa,Brewer's Sparrow,Spizella breweri,0.37005188075019274,0.00114131882172475,0.3678148958596122,0.3722888656407733,Aridlands,NA,0.2046007750415673,0,1
clcspa,Clay-colored Sparrow,Spizella pallida,0.37002889374440473,9.79600748725361e-4,0.36810887627690303,0.3719489112119064,Grasslands,NA,0.4321158203507,1,0
chispa,Chipping Sparrow,Spizella passerina,0.36999523981029225,4.884629654637301e-4,0.36903785239798337,0.37095262722260114,Forest,NA,0.5063238098828731,1,0
fiespa,Field Sparrow,Spizella pusilla,0.3700178069707991,8.14538339946654e-4,0.36842131182450366,0.37161430211709456,Forest,NA,0.5941143830489208,1,0
amtspa,American Tree Sparrow,Spizelloides arborea,0.36993331434358,8.368137750429627e-4,0.36829315934449575,0.37157346934266416,Water/wetland,NA,0.317269430760883,0,1
nrwswa,Northern Rough-winged Swallow,Stelgidopteryx serripennis,0.36925966574413766,0.00140383592112831,0.36650814733872616,0.37201118414954915,Habitat Generalist,NA,0.3854042489138827,1,0
forter,Forster's Tern,Sterna forsteri,0.36004710373103077,0.00573726600971184,0.34880206235199557,0.371292145110066,Water/wetland,NA,0.4667549948773954,1,0
comter,Common Tern,Sterna hirundo,0.3239808984151194,0.02296991618524349,0.27895986269204215,0.36900193413819665,Water/wetland,NA,0.6849060686850432,1,0
arcter,Arctic Tern,Sterna paradisaea,0.35590447583040297,0.00267654207748706,0.3506584533585283,0.3611504983022776,Water/wetland,NA,0.13015555721852967,0,1
brdowl,Barred Owl,Strix varia,0.3699930141956101,0.00102767263068579,0.36797877583946587,0.3720072525517542,Forest,NA,0.7096627277796835,1,0
easmea,Eastern Meadowlark,Sturnella magna,0.3699557762492067,9.91053838841625e-4,0.36801331072507715,0.3718982417733363,Grasslands,NA,0.5017590382775854,1,0
wesmea,Western Meadowlark,Sturnella neglecta,0.3700213062072881,8.981455364278643e-4,0.3682609409558895,0.37178167145868674,Grasslands,NA,0.4168503969068943,1,0
treswa,Tree Swallow,Tachycineta bicolor,0.36982141008766456,0.02770840972043042,0.31551292703562095,0.42412989313970817,Habitat Generalist,NA,0.3390944703602079,0,0
vigswa,Violet-green Swallow,Tachycineta thalassina,0.3699632444635445,0.00119527230958075,0.3676205107367662,0.3723059781903228,Forest,NA,0.33722091854864544,0,1
bewwre,Bewick's Wren,Thryomanes bewickii,0.37005538373620983,0.00111487738924343,0.3678702240532926,0.372240543419127,Aridlands,NA,0.4342018721137926,1,0
carwre,Carolina Wren,Thryothorus ludovicianus,0.36999345627982094,9.497167859011288e-4,0.3681320113794547,0.3718549011801872,Forest,NA,0.7198521447493318,1,0
benthr,Bendire's Thrasher,Toxostoma bendirei,0.3704332646035254,0.00538663904343568,0.35987545207839144,0.3809910771286593,Aridlands,Tipping Point,0.20381588840582765,0,1
crithr,Crissal Thrasher,Toxostoma crissale,0.37017526484964286,0.00302529937887298,0.3642456780670518,0.3761048516322339,Aridlands,NA,0.27889051605370696,0,1
cubthr,Curve-billed Thrasher,Toxostoma curvirostre,0.3701334180221434,0.00286066300370368,0.36452651853488416,0.3757403175094026,Aridlands,NA,0.4005220291396325,1,0
lecthr,LeConte's Thrasher,Toxostoma lecontei,0.37057642785087863,0.00664864494395998,0.3575450837607171,0.3836077719410402,Aridlands,Tipping Point,0.06241992466016199,0,1
lobthr,Long-billed Thrasher,Toxostoma longirostre,0.3701601814522328,0.00536227949212745,0.359650113647663,0.3806702492568026,Aridlands,NA,0.35661449360941333,0,1
calthr,California Thrasher,Toxostoma redivivum,0.3700426582231085,0.0060501103411108,0.35818444195453125,0.3819008744916856,Aridlands,NA,0.723773097427511,1,0
brnthr,Brown Thrasher,Toxostoma rufum,0.3699805481107818,6.574833413224137e-4,0.3686918807617899,0.3712692154597737,Forest,NA,0.5450436893311426,1,0
lesyel,Lesser Yellowlegs,Tringa flavipes,0.3699013964479008,0.00276514094058415,0.3644817202043558,0.3753210726914457,Water/wetland,Tipping Point,0.143280481282732,0,1
wantat1,Wandering Tattler,Tringa incana,0.3613083485827886,0.00313357411067021,0.355166543325875,0.3674501538397022,Water/wetland,Tipping Point,0.0783409955641563,0,1
greyel,Greater Yellowlegs,Tringa melanoleuca,0.3697479889125263,0.00172990168468106,0.3663573816105514,0.3731385962145012,Water/wetland,NA,0.19386770792507413,0,1
willet1,Willet,Tringa semipalmata,0.3655102070769467,0.00678653870352618,0.3522085912180354,0.378811822935858,Water/wetland,NA,0.31956659733608994,0,1
solsan,Solitary Sandpiper,Tringa solitaria,0.3700306359764194,8.675874313149389e-4,0.36833016461104207,0.3717311073417966,Water/wetland,NA,0.2843192567235907,0,1
houwre,House Wren,Troglodytes aedon,0.3699909450681896,5.418105897420248e-4,0.36892899631229525,0.371052893824084,Forest,NA,0.4233773802844143,1,0
winwre3,Winter Wren,Troglodytes hiemalis,0.3699351038304456,0.0010770993217269,0.3678239891598609,0.3720462185010304,Forest,NA,0.65387373666046,1,0
pacwre1,Pacific Wren,Troglodytes pacificus,0.3647818827862857,0.00263645052857099,0.3596144397502865,0.3699493258222848,Forest,NA,0.445401934175504,1,0
amerob,American Robin,Turdus migratorius,0.369894662542767,0.00146565703897336,0.3670219747463792,0.3727673503391547,Forest,NA,0.5029459846121345,1,0
grpchi,Greater Prairie-Chicken,Tympanuchus cupido,0.36983341599528025,0.00342687739251098,0.3631167363059587,0.3765500956846018,Grasslands,NA,0.6669225863536212,1,0
shtgro,Sharp-tailed Grouse,Tympanuchus phasianellus,0.3700465086136698,0.00198582619841375,0.3661542892647788,0.3739387279625607,Grasslands,NA,0.4514743278754061,1,0
coukin,Couch's Kingbird,Tyrannus couchii,0.3702254050367889,0.00547675094506144,0.3594909731844685,0.38095983688910934,Aridlands,NA,0.32182926274840895,0,1
grykin,Gray Kingbird,Tyrannus dominicensis,0.3694723623938562,0.02710726989761286,0.316342113394535,0.42260261139317745,Forest,NA,0.29712469628157123,0,1
sctfly,Scissor-tailed Flycatcher,Tyrannus forficatus,0.3700226762811691,0.00179453643583969,0.3665053848669233,0.37353996769541487,Grasslands,NA,0.5448012929999184,1,0
easkin,Eastern Kingbird,Tyrannus tyrannus,0.3699350305103192,8.501611411060082e-4,0.3682687146737514,0.37160134634688696,Grasslands,NA,0.4596925390371299,1,0
weskin,Western Kingbird,Tyrannus verticalis,0.37002231764893184,0.00116127402175094,0.3677462205663,0.37229841473156366,Grasslands,NA,0.3674128750142207,0,1
caskin,Cassin's Kingbird,Tyrannus vociferans,0.37013002694803737,0.00200392366768454,0.3662023365593757,0.374057717336699,Forest,NA,0.3410415802456635,0,1
brnowl,Barn Owl,Tyto alba,0.3700088641196216,0.00295910569081349,0.36420901696562713,0.375808711273616,Habitat Generalist,NA,0.3610345904531189,0,1
gowwar,Golden-winged Warbler,Vermivora chrysoptera,0.37003760690145754,0.00229168930400281,0.365545895865612,0.37452931793730304,Forest,Tipping Point,0.6446658741681199,1,0
buwwar,Blue-winged Warbler,Vermivora cyanoptera,0.3700208395179035,0.00186646888468872,0.3663625605039136,0.3736791185318934,Forest,NA,0.7452780411860493,1,0
bkwvir,Black-whiskered Vireo,Vireo altiloquus,0.37060093122596344,0.04798150525455567,0.2765571809270343,0.4646446815248926,Forest,NA,0.16461245996242724,0,1
belvir,Bell's Vireo,Vireo bellii,0.370050928581899,0.00151034435481771,0.36709065364645627,0.3730112035173417,Aridlands,NA,0.5412159152277991,1,0
casvir,Cassin's Vireo,Vireo cassinii,0.3700463682143617,0.00151731757236565,0.367072425772525,0.3730203106561984,Forest,NA,0.47616791486974464,1,0
yetvir,Yellow-throated Vireo,Vireo flavifrons,0.3700090997637755,9.712263026803008e-4,0.3681054962105222,0.3719127033170289,Forest,NA,0.718891709729552,1,0
warvir,Warbling Vireo,Vireo gilvus,0.36999158853709874,6.750416587986827e-4,0.36866850688585334,0.3713146701883442,Forest,NA,0.37130667808823314,0,0
whevir,White-eyed Vireo,Vireo griseus,0.3700263813381125,0.00110598169546764,0.36785865721499583,0.37219410546122905,Forest,NA,0.751627525459612,1,0
hutvir,Hutton's Vireo,Vireo huttoni,0.3699527350632096,0.00332187017020259,0.3634418695296125,0.3764636005968066,Forest,NA,0.6055047684068313,1,0
reevir1,Red-eyed Vireo,Vireo olivaceus,0.3699167253042871,8.574631265152614e-4,0.3682360975763172,0.371597353032257,Forest,NA,0.7064622549726002,1,0
phivir,Philadelphia Vireo,Vireo philadelphicus,0.369993022305235,9.705155478683332e-4,0.36809081183141307,0.37189523277905695,Forest,NA,0.5374468977877163,1,0
plsvir,Plumbeous Vireo,Vireo plumbeus,0.3699474260777145,0.0020987609600518,0.365833854596013,0.3740609975594161,Forest,NA,0.3286298105817069,0,1
buhvir,Blue-headed Vireo,Vireo solitarius,0.36994119499739614,0.00107636855862125,0.36783151262249847,0.3720508773722938,Forest,NA,0.6599422957088432,1,0
gryvir,Gray Vireo,Vireo vicinior,0.3700086417640265,0.00306287714521185,0.3640054025594113,0.3760118809686417,Forest,NA,0.237184033131868,0,1
yehbla,Yellow-headed Blackbird,Xanthocephalus xanthocephalus,0.37029930720378545,0.00443811729142601,0.3616005973125905,0.3789980170949804,Water/wetland,NA,0.3210476984538507,0,1
whwdov,White-winged Dove,Zenaida asiatica,0.370234441442828,0.00242086643324904,0.36548954323365984,0.3749793396519961,Aridlands,NA,0.3892554396611835,1,0
moudov,Mourning Dove,Zenaida macroura,0.36996809206525194,5.724878068141065e-4,0.36884601596389627,0.3710901681666076,Habitat Generalist,NA,0.4240185409679045,1,0
whtspa,White-throated Sparrow,Zonotrichia albicollis,0.3699369252841416,7.488398055953494e-4,0.3684691992651747,0.37140465130310846,Forest,NA,0.5668921145538741,1,0
gocspa,Golden-crowned Sparrow,Zonotrichia atricapilla,0.36912181745732847,0.00170329399374623,0.3657833612295859,0.37246027368507106,Water/wetland,NA,0.3057507446483218,0,1
whcspa,White-crowned Sparrow,Zonotrichia leucophrys,0.36996218299213374,5.872413467317002e-4,0.3688111899525396,0.3711131760317279,Habitat Generalist,NA,0.29879446221870914,0,1
harspa,Harris's Sparrow,Zonotrichia querula,0.3699718948441619,0.00167460808009736,0.36668966300717104,0.3732541266811527,Water/wetland,Tipping Point,0.42841975762391504,1,0
