species_code,common_name,scientific_name,habitat,tipping_pt,avg_37pct,stdev_37pct,lower95_37pct,upper95_37pct,sum_cna,over_upper95_37pct,under_lower95_37pct,avg_44pct,stdev_44pct,lower95_44pct,upper95_44pct,sum_carbon,over_upper95_44pct,under_lower95_44pct
abetow,Abert's Towhee,Melozone aberti,Aridlands,NA,0.37100,0.00890,0.35300,0.38800,0.48400,1.00000,0.00000,0.44000,0.00910,0.42200,0.45800,0.02400,0.00000,1.00000
acafly,Acadian Flycatcher,Empidonax virescens,Forest,NA,0.37000,0.00140,0.36700,0.37300,0.77000,1.00000,0.00000,0.44000,0.00140,0.43700,0.44300,0.77300,1.00000,0.00000
acowoo,Acorn Woodpecker,Melanerpes formicivorus,Forest,NA,0.37000,0.00430,0.36200,0.37800,0.71200,1.00000,0.00000,0.44000,0.00480,0.43100,0.44900,0.67800,1.00000,0.00000
aldfly,Alder Flycatcher,Empidonax alnorum,Forest,NA,0.37000,0.00110,0.36800,0.37200,0.28000,0.00000,1.00000,0.44000,0.00110,0.43800,0.44200,0.52600,1.00000,0.00000
allhum,Allen's Hummingbird,Selasphorus sasin,Aridlands,Tipping Point,0.37000,0.01090,0.34900,0.39100,0.31600,0.00000,1.00000,0.44000,0.01130,0.41800,0.46200,0.36200,0.00000,1.00000
ambduc,American Black Duck,Anas rubripes,Water/wetland,NA,0.36700,0.00910,0.34900,0.38500,0.50600,1.00000,0.00000,0.43700,0.00860,0.42000,0.45400,0.56200,1.00000,0.00000
ameavo,American Avocet,Recurvirostra americana,Water/wetland,NA,0.37000,0.01460,0.34200,0.39900,0.08600,0.00000,1.00000,0.43800,0.01520,0.40800,0.46800,0.08400,0.00000,1.00000
amebit,American Bittern,Botaurus lentiginosus,Water/wetland,NA,0.37000,0.00170,0.36700,0.37300,0.41300,1.00000,0.00000,0.44000,0.00180,0.43600,0.44300,0.54200,1.00000,0.00000
amecro,American Crow,Corvus brachyrhynchos,Habitat Generalist,NA,0.37000,0.00110,0.36800,0.37200,0.53000,1.00000,0.00000,0.44000,0.00100,0.43800,0.44200,0.54300,1.00000,0.00000
amedip,American Dipper,Cinclus mexicanus,Water/wetland,NA,0.37000,0.00360,0.36300,0.37700,0.36800,0.00000,0.00000,0.44000,0.00370,0.43300,0.44700,0.87600,1.00000,0.00000
amegfi,American Goldfinch,Spinus tristis,Forest,NA,0.37000,0.00050,0.36900,0.37100,0.52800,1.00000,0.00000,0.44000,0.00050,0.43900,0.44100,0.52800,1.00000,0.00000
amekes,American Kestrel,Falco sparverius,Habitat Generalist,NA,0.37000,0.00050,0.36900,0.37100,0.38200,1.00000,0.00000,0.44000,0.00050,0.43900,0.44100,0.37400,0.00000,1.00000
amepip,American Pipit,Anthus rubescens,Water/wetland,NA,0.37000,0.00090,0.36800,0.37100,0.24400,0.00000,1.00000,0.44000,0.00090,0.43800,0.44100,0.25300,0.00000,1.00000
amered,American Redstart,Setophaga ruticilla,Forest,NA,0.37000,0.00080,0.36800,0.37100,0.53900,1.00000,0.00000,0.44000,0.00080,0.43800,0.44100,0.62500,1.00000,0.00000
amerob,American Robin,Turdus migratorius,Forest,NA,0.37000,0.00150,0.36700,0.37300,0.50300,1.00000,0.00000,0.44000,0.00150,0.43700,0.44300,0.55100,1.00000,0.00000
amewig,American Wigeon,Mareca americana,Water/wetland,NA,0.37000,0.00370,0.36300,0.37700,0.25600,0.00000,1.00000,0.44000,0.00380,0.43200,0.44700,0.27200,0.00000,1.00000
amewoo,American Woodcock,Scolopax minor,Forest,NA,0.37000,0.00110,0.36800,0.37200,0.64700,1.00000,0.00000,0.44000,0.00110,0.43800,0.44200,0.70100,1.00000,0.00000
amgplo,American Golden-Plover,Pluvialis dominica,Water/wetland,Tipping Point,0.37000,0.00410,0.36200,0.37800,0.09900,0.00000,1.00000,0.44000,0.00420,0.43200,0.44800,0.07700,0.00000,1.00000
amtspa,American Tree Sparrow,Spizelloides arborea,Water/wetland,NA,0.37000,0.00080,0.36800,0.37200,0.31700,0.00000,1.00000,0.44000,0.00080,0.43800,0.44200,0.36300,0.00000,1.00000
amwpel,American White Pelican,Pelecanus erythrorhynchos,Water/wetland,NA,0.36900,0.00560,0.35800,0.38000,0.39500,1.00000,0.00000,0.43900,0.00540,0.42800,0.45000,0.45200,1.00000,0.00000
anhing,Anhinga,Anhinga anhinga,Water/wetland,NA,0.37000,0.00370,0.36300,0.37700,0.57500,1.00000,0.00000,0.44000,0.00360,0.43300,0.44700,0.59200,1.00000,0.00000
annhum,Anna's Hummingbird,Calypte anna,Aridlands,NA,0.37000,0.00280,0.36400,0.37600,0.53300,1.00000,0.00000,0.44000,0.00310,0.43400,0.44600,0.39600,0.00000,1.00000
arcter,Arctic Tern,Sterna paradisaea,Water/wetland,NA,0.35600,0.00270,0.35100,0.36100,0.13000,0.00000,1.00000,0.42300,0.00280,0.41800,0.42900,0.08200,0.00000,1.00000
arcwar1,Arctic Warbler,Phylloscopus borealis,Water/wetland,NA,0.36900,0.00220,0.36400,0.37300,0.00600,0.00000,1.00000,0.43800,0.00250,0.43300,0.44300,0.04700,0.00000,1.00000
astfly,Ash-throated Flycatcher,Myiarchus cinerascens,Aridlands,NA,0.37000,0.00110,0.36800,0.37200,0.35100,0.00000,1.00000,0.44000,0.00120,0.43800,0.44200,0.13300,0.00000,1.00000
attwoo1,American Three-toed Woodpecker,Picoides dorsalis,Forest,NA,0.37000,0.00230,0.36600,0.37400,0.19600,0.00000,1.00000,0.44000,0.00240,0.43500,0.44500,0.74300,1.00000,0.00000
babwar,Bay-breasted Warbler,Setophaga castanea,Forest,NA,0.37000,0.00120,0.36800,0.37200,0.59500,1.00000,0.00000,0.44000,0.00130,0.43700,0.44200,0.65800,1.00000,0.00000
bacspa,Bachman's Sparrow,Peucaea aestivalis,Forest,Tipping Point,0.37000,0.00680,0.35700,0.38300,0.84600,1.00000,0.00000,0.44000,0.00670,0.42700,0.45300,0.67800,1.00000,0.00000
baisan,Baird's Sandpiper,Calidris bairdii,Water/wetland,NA,0.37000,0.00210,0.36600,0.37400,0.28300,0.00000,1.00000,0.44000,0.00220,0.43600,0.44400,0.28200,0.00000,1.00000
baispa,Baird's Sparrow,Centronyx bairdii,Grasslands,Tipping Point,0.37000,0.00300,0.36400,0.37600,0.29600,0.00000,1.00000,0.44000,0.00320,0.43400,0.44600,0.60300,1.00000,0.00000
baleag,Bald Eagle,Haliaeetus leucocephalus,Water/wetland,NA,0.36600,0.00140,0.36400,0.36900,0.27200,0.00000,1.00000,0.43600,0.00140,0.43300,0.43800,0.40700,0.00000,1.00000
balori,Baltimore Oriole,Icterus galbula,Forest,NA,0.37000,0.00090,0.36800,0.37200,0.43300,1.00000,0.00000,0.44000,0.00090,0.43800,0.44200,0.42800,0.00000,1.00000
banswa,Bank Swallow,Riparia riparia,Habitat Generalist,NA,0.37000,0.00360,0.36300,0.37700,0.21700,0.00000,1.00000,0.43900,0.00390,0.43200,0.44700,0.26400,0.00000,1.00000
bargol,Barrow's Goldeneye,Bucephala islandica,Water/wetland,NA,0.36200,0.00500,0.35200,0.37200,0.30900,0.00000,1.00000,0.43100,0.00520,0.42100,0.44100,0.48200,1.00000,0.00000
barswa,Barn Swallow,Hirundo rustica,Habitat Generalist,NA,0.37000,0.00550,0.35900,0.38100,0.38600,1.00000,0.00000,0.44000,0.00550,0.42900,0.45100,0.32700,0.00000,1.00000
batpig1,Band-tailed Pigeon,Patagioenas fasciata,Forest,NA,0.37000,0.00330,0.36400,0.37700,0.62000,1.00000,0.00000,0.44000,0.00350,0.43300,0.44700,0.87500,1.00000,0.00000
bawwar,Black-and-white Warbler,Mniotilta varia,Forest,NA,0.37000,0.00090,0.36800,0.37200,0.64600,1.00000,0.00000,0.44000,0.00090,0.43800,0.44200,0.73300,1.00000,0.00000
bcnher,Black-crowned Night-Heron,Nycticorax nycticorax,Water/wetland,NA,0.36900,0.00280,0.36400,0.37500,0.31000,0.00000,1.00000,0.43900,0.00300,0.43300,0.44500,0.27900,0.00000,1.00000
belkin1,Belted Kingfisher,Megaceryle alcyon,Water/wetland,NA,0.37000,0.00060,0.36800,0.37100,0.51800,1.00000,0.00000,0.44000,0.00060,0.43800,0.44100,0.58600,1.00000,0.00000
belspa2,Bell's Sparrow,Artemisiospiza belli,Aridlands,NA,0.37000,0.00480,0.36100,0.38000,0.18700,0.00000,1.00000,0.44000,0.00530,0.43000,0.45000,0.09200,0.00000,1.00000
belvir,Bell's Vireo,Vireo bellii,Aridlands,NA,0.37000,0.00150,0.36700,0.37300,0.54100,1.00000,0.00000,0.44000,0.00160,0.43700,0.44300,0.26300,0.00000,1.00000
benthr,Bendire's Thrasher,Toxostoma bendirei,Aridlands,Tipping Point,0.37000,0.00540,0.36000,0.38100,0.20400,0.00000,1.00000,0.44000,0.00550,0.42900,0.45100,0.00100,0.00000,1.00000
bewwre,Bewick's Wren,Thryomanes bewickii,Aridlands,NA,0.37000,0.00110,0.36800,0.37200,0.43400,1.00000,0.00000,0.44000,0.00130,0.43800,0.44200,0.22400,0.00000,1.00000
bkbcuc,Black-billed Cuckoo,Coccyzus erythropthalmus,Forest,Tipping Point,0.37000,0.00190,0.36600,0.37400,0.54600,1.00000,0.00000,0.44000,0.00190,0.43600,0.44400,0.74700,1.00000,0.00000
bkbmag1,Black-billed Magpie,Pica hudsonia,Habitat Generalist,NA,0.37000,0.00140,0.36700,0.37200,0.25800,0.00000,1.00000,0.44000,0.00140,0.43700,0.44300,0.50300,1.00000,0.00000
bkbplo,Black-bellied Plover,Pluvialis squatarola,Water/wetland,NA,0.36500,0.01060,0.34400,0.38600,0.22200,0.00000,1.00000,0.43300,0.01070,0.41200,0.45400,0.16600,0.00000,1.00000
bkbwar,Blackburnian Warbler,Setophaga fusca,Forest,NA,0.37000,0.00140,0.36700,0.37300,0.63300,1.00000,0.00000,0.44000,0.00140,0.43700,0.44300,0.76800,1.00000,0.00000
bkbwoo,Black-backed Woodpecker,Picoides arcticus,Forest,NA,0.37000,0.00430,0.36200,0.37800,0.44000,1.00000,0.00000,0.44000,0.00430,0.43200,0.44900,0.98400,1.00000,0.00000
bkcchi,Black-capped Chickadee,Poecile atricapillus,Forest,NA,0.37000,0.00120,0.36800,0.37200,0.54000,1.00000,0.00000,0.44000,0.00120,0.43800,0.44200,0.72200,1.00000,0.00000
bkchum,Black-chinned Hummingbird,Archilochus alexandri,Forest,NA,0.37000,0.00170,0.36700,0.37300,0.45000,1.00000,0.00000,0.44000,0.00180,0.43600,0.44300,0.14200,0.00000,1.00000
bkcspa,Black-chinned Sparrow,Spizella atrogularis,Aridlands,Tipping Point,0.37000,0.00420,0.36200,0.37800,0.41300,1.00000,0.00000,0.44000,0.00440,0.43200,0.44900,0.26400,0.00000,1.00000
bkhgro,Black-headed Grosbeak,Pheucticus melanocephalus,Forest,NA,0.37000,0.00110,0.36800,0.37200,0.42700,1.00000,0.00000,0.44000,0.00120,0.43800,0.44200,0.53500,1.00000,0.00000
bknsti,Black-necked Stilt,Himantopus mexicanus,Water/wetland,NA,0.37000,0.00990,0.35100,0.39000,0.15300,0.00000,1.00000,0.43900,0.01050,0.41900,0.46000,0.12400,0.00000,1.00000
bkpwar,Blackpoll Warbler,Setophaga striata,Forest,NA,0.37000,0.00080,0.36800,0.37200,0.35300,0.00000,1.00000,0.44000,0.00090,0.43800,0.44200,0.45200,1.00000,0.00000
bktgna,Black-tailed Gnatcatcher,Polioptila melanura,Aridlands,NA,0.37000,0.00340,0.36400,0.37700,0.22600,0.00000,1.00000,0.44000,0.00350,0.43300,0.44700,0.00300,0.00000,1.00000
bktspa,Black-throated Sparrow,Amphispiza bilineata,Aridlands,NA,0.37000,0.00160,0.36700,0.37300,0.23000,0.00000,1.00000,0.44000,0.00170,0.43700,0.44300,0.02100,0.00000,1.00000
bkwvir,Black-whiskered Vireo,Vireo altiloquus,Forest,NA,0.37100,0.04800,0.27700,0.46500,0.16500,0.00000,1.00000,0.43800,0.04900,0.34200,0.53400,0.55000,1.00000,0.00000
blctit4,Black-crested Titmouse,Baeolophus atricristatus,Aridlands,NA,0.37000,0.00340,0.36300,0.37700,0.63200,1.00000,0.00000,0.44000,0.00360,0.43300,0.44700,0.25400,0.00000,1.00000
blkpho,Black Phoebe,Sayornis nigricans,Water/wetland,NA,0.37000,0.00230,0.36500,0.37400,0.38600,1.00000,0.00000,0.44000,0.00250,0.43500,0.44500,0.17400,0.00000,1.00000
blksco2,Black Scoter,Melanitta americana,Water/wetland,Tipping Point,0.32000,0.00720,0.30600,0.33400,0.54700,1.00000,0.00000,0.38100,0.00750,0.36700,0.39600,0.05300,0.00000,1.00000
blkswi,Black Swift,Cypseloides niger,Forest,Tipping Point,0.37000,0.00590,0.35800,0.38100,0.38700,1.00000,0.00000,0.44000,0.00600,0.42800,0.45200,0.79700,1.00000,0.00000
blkter,Black Tern,Chlidonias niger,Water/wetland,NA,0.36600,0.00570,0.35500,0.37700,0.37600,0.00000,0.00000,0.43500,0.00600,0.42300,0.44600,0.31200,0.00000,1.00000
blkvul,Black Vulture,Coragyps atratus,Habitat Generalist,NA,0.37000,0.00150,0.36700,0.37300,0.70700,1.00000,0.00000,0.44000,0.00150,0.43700,0.44300,0.56600,1.00000,0.00000
blugrb1,Blue Grosbeak,Passerina caerulea,Forest,NA,0.37000,0.00080,0.36800,0.37200,0.51300,1.00000,0.00000,0.44000,0.00080,0.43800,0.44200,0.37700,0.00000,1.00000
blujay,Blue Jay,Cyanocitta cristata,Forest,NA,0.37000,0.00060,0.36900,0.37100,0.57900,1.00000,0.00000,0.44000,0.00070,0.43900,0.44100,0.59100,1.00000,0.00000
bncfly,Brown-crested Flycatcher,Myiarchus tyrannulus,Aridlands,NA,0.37000,0.00310,0.36400,0.37600,0.32600,0.00000,1.00000,0.44000,0.00320,0.43400,0.44600,0.04900,0.00000,1.00000
bnhcow,Brown-headed Cowbird,Molothrus ater,Habitat Generalist,NA,0.37000,0.00250,0.36500,0.37500,0.37200,0.00000,0.00000,0.44000,0.00260,0.43500,0.44500,0.31700,0.00000,1.00000
bnhnut,Brown-headed Nuthatch,Sitta pusilla,Forest,NA,0.37000,0.00240,0.36500,0.37500,0.75600,1.00000,0.00000,0.44000,0.00250,0.43500,0.44500,0.67200,1.00000,0.00000
boboli,Bobolink,Dolichonyx oryzivorus,Grasslands,Tipping Point,0.37000,0.00370,0.36300,0.37700,0.34800,0.00000,1.00000,0.44000,0.00360,0.43300,0.44700,0.39300,0.00000,1.00000
bohwax,Bohemian Waxwing,Bombycilla garrulus,Forest,NA,0.37000,0.00310,0.36400,0.37600,0.20300,0.00000,1.00000,0.44000,0.00300,0.43400,0.44600,0.66200,1.00000,0.00000
bongul,Bonaparte's Gull,Chroicocephalus philadelphia,Water/wetland,NA,0.36500,0.00630,0.35300,0.37700,0.40200,1.00000,0.00000,0.43400,0.00630,0.42100,0.44600,0.44900,1.00000,0.00000
borchi2,Boreal Chickadee,Poecile hudsonicus,Forest,NA,0.37000,0.00180,0.36700,0.37400,0.01900,0.00000,1.00000,0.44000,0.00190,0.43600,0.44400,0.39600,0.00000,1.00000
botgra,Boat-tailed Grackle,Quiscalus major,Water/wetland,NA,0.36900,0.00920,0.35100,0.38700,0.35800,0.00000,0.00000,0.43800,0.00940,0.42000,0.45700,0.64600,1.00000,0.00000
brant,Brant,Branta bernicla,Water/wetland,NA,0.36600,0.01150,0.34400,0.38900,0.35400,0.00000,0.00000,0.43600,0.01150,0.41300,0.45800,0.01800,0.00000,1.00000
brdowl,Barred Owl,Strix varia,Forest,NA,0.37000,0.00100,0.36800,0.37200,0.71000,1.00000,0.00000,0.44000,0.00110,0.43800,0.44200,0.73100,1.00000,0.00000
brebla,Brewer's Blackbird,Euphagus cyanocephalus,Habitat Generalist,NA,0.37000,0.00120,0.36800,0.37200,0.33600,0.00000,1.00000,0.44000,0.00120,0.43800,0.44200,0.27600,0.00000,1.00000
brespa,Brewer's Sparrow,Spizella breweri,Aridlands,NA,0.37000,0.00110,0.36800,0.37200,0.20500,0.00000,1.00000,0.44000,0.00120,0.43800,0.44200,0.26200,0.00000,1.00000
britit,Bridled Titmouse,Baeolophus wollweberi,Forest,NA,0.37000,0.00820,0.35400,0.38600,0.45600,1.00000,0.00000,0.44000,0.00870,0.42300,0.45700,0.31000,0.00000,1.00000
brncre,Brown Creeper,Certhia americana,Forest,NA,0.37000,0.00070,0.36900,0.37100,0.54800,1.00000,0.00000,0.44000,0.00080,0.43800,0.44100,0.75100,1.00000,0.00000
brnowl,Barn Owl,Tyto alba,Habitat Generalist,NA,0.37000,0.00300,0.36400,0.37600,0.36100,0.00000,1.00000,0.44000,0.00290,0.43400,0.44600,0.19100,0.00000,1.00000
brnthr,Brown Thrasher,Toxostoma rufum,Forest,NA,0.37000,0.00070,0.36900,0.37100,0.54500,1.00000,0.00000,0.44000,0.00070,0.43900,0.44100,0.53700,1.00000,0.00000
brocow,Bronzed Cowbird,Molothrus aeneus,Aridlands,NA,0.37000,0.00660,0.35700,0.38300,0.26900,0.00000,1.00000,0.44000,0.00670,0.42700,0.45400,0.04700,0.00000,1.00000
brthum,Broad-tailed Hummingbird,Selasphorus platycercus,Forest,NA,0.37000,0.00220,0.36600,0.37400,0.37700,1.00000,0.00000,0.44000,0.00220,0.43600,0.44400,0.60000,1.00000,0.00000
brwhaw,Broad-winged Hawk,Buteo platypterus,Forest,NA,0.37000,0.00340,0.36300,0.37700,0.64600,1.00000,0.00000,0.44000,0.00350,0.43300,0.44700,0.53300,1.00000,0.00000
btbwar,Black-throated Blue Warbler,Setophaga caerulescens,Forest,NA,0.37000,0.00200,0.36600,0.37400,0.69800,1.00000,0.00000,0.44000,0.00210,0.43600,0.44400,0.85200,1.00000,0.00000
btnwar,Black-throated Green Warbler,Setophaga virens,Forest,NA,0.37000,0.00120,0.36800,0.37200,0.65300,1.00000,0.00000,0.44000,0.00130,0.43700,0.44200,0.77200,1.00000,0.00000
btywar,Black-throated Gray Warbler,Setophaga nigrescens,Forest,NA,0.37000,0.00150,0.36700,0.37300,0.33700,0.00000,1.00000,0.44000,0.00160,0.43700,0.44300,0.44100,0.00000,0.00000
bubsan,Buff-breasted Sandpiper,Calidris subruficollis,Water/wetland,Tipping Point,0.37000,0.00850,0.35300,0.38600,0.23800,0.00000,1.00000,0.44000,0.00870,0.42300,0.45800,0.07600,0.00000,1.00000
buffle,Bufflehead,Bucephala albeola,Water/wetland,NA,0.36700,0.00280,0.36100,0.37200,0.36000,0.00000,1.00000,0.43600,0.00270,0.43100,0.44200,0.45300,1.00000,0.00000
buggna,Blue-gray Gnatcatcher,Polioptila caerulea,Habitat Generalist,NA,0.37000,0.00070,0.36900,0.37100,0.61400,1.00000,0.00000,0.44000,0.00070,0.43900,0.44100,0.56700,1.00000,0.00000
buhvir,Blue-headed Vireo,Vireo solitarius,Forest,NA,0.37000,0.00110,0.36800,0.37200,0.66000,1.00000,0.00000,0.44000,0.00110,0.43800,0.44200,0.74800,1.00000,0.00000
bulori,Bullock's Oriole,Icterus bullockii,Forest,NA,0.37000,0.00100,0.36800,0.37200,0.35400,0.00000,1.00000,0.44000,0.00110,0.43800,0.44200,0.25000,0.00000,1.00000
burowl,Burrowing Owl,Athene cunicularia,Grasslands,NA,0.37000,0.00180,0.36700,0.37400,0.39700,1.00000,0.00000,0.44000,0.00190,0.43600,0.44400,0.39800,0.00000,1.00000
bushti,Bushtit,Psaltriparus minimus,Forest,NA,0.37000,0.00190,0.36600,0.37400,0.30300,0.00000,1.00000,0.44000,0.00220,0.43600,0.44400,0.33800,0.00000,1.00000
buwtea,Blue-winged Teal,Spatula discors,Water/wetland,NA,0.37000,0.00160,0.36700,0.37300,0.29100,0.00000,1.00000,0.44000,0.00170,0.43600,0.44300,0.28100,0.00000,1.00000
buwwar,Blue-winged Warbler,Vermivora cyanoptera,Forest,NA,0.37000,0.00190,0.36600,0.37400,0.74500,1.00000,0.00000,0.44000,0.00190,0.43600,0.44400,0.77400,1.00000,0.00000
cacgoo1,Cackling Goose,Branta hutchinsii,Water/wetland,NA,0.36900,0.00350,0.36300,0.37600,0.26700,0.00000,1.00000,0.44000,0.00340,0.43300,0.44600,0.26800,0.00000,1.00000
cacwre,Cactus Wren,Campylorhynchus brunneicapillus,Aridlands,NA,0.37000,0.00260,0.36500,0.37500,0.32600,0.00000,1.00000,0.44000,0.00270,0.43500,0.44500,0.00400,0.00000,1.00000
calgul,California Gull,Larus californicus,Water/wetland,NA,0.36900,0.04450,0.28200,0.45600,0.11700,0.00000,1.00000,0.44100,0.04650,0.34900,0.53200,0.18500,0.00000,1.00000
calhum,Calliope Hummingbird,Selasphorus calliope,Forest,NA,0.37000,0.00230,0.36600,0.37500,0.44000,1.00000,0.00000,0.44000,0.00240,0.43500,0.44500,0.72800,1.00000,0.00000
calqua,California Quail,Callipepla californica,Aridlands,NA,0.37000,0.00260,0.36500,0.37500,0.48000,1.00000,0.00000,0.44000,0.00280,0.43500,0.44600,0.45600,1.00000,0.00000
calthr,California Thrasher,Toxostoma redivivum,Aridlands,NA,0.37000,0.00610,0.35800,0.38200,0.72400,1.00000,0.00000,0.44000,0.00640,0.42800,0.45300,0.63800,1.00000,0.00000
caltow,California Towhee,Melozone crissalis,Aridlands,NA,0.37000,0.00460,0.36100,0.37900,0.66100,1.00000,0.00000,0.44000,0.00510,0.43000,0.45000,0.53600,1.00000,0.00000
camwar,Cape May Warbler,Setophaga tigrina,Forest,NA,0.37000,0.00140,0.36700,0.37300,0.66200,1.00000,0.00000,0.44000,0.00150,0.43700,0.44300,0.76100,1.00000,0.00000
cangoo,Canada Goose,Branta canadensis,Water/wetland,NA,0.37000,0.00120,0.36800,0.37200,0.36300,0.00000,1.00000,0.44000,0.00120,0.43800,0.44200,0.44100,0.00000,0.00000
cantow,Canyon Towhee,Melozone fusca,Aridlands,NA,0.37000,0.00310,0.36400,0.37600,0.46600,1.00000,0.00000,0.44000,0.00330,0.43400,0.44600,0.03200,0.00000,1.00000
canvas,Canvasback,Aythya valisineria,Water/wetland,NA,0.37000,0.01880,0.33300,0.40700,0.36900,0.00000,0.00000,0.43900,0.01860,0.40300,0.47600,0.47200,0.00000,0.00000
canwar,Canada Warbler,Cardellina canadensis,Forest,Tipping Point,0.37000,0.00170,0.36600,0.37300,0.56300,1.00000,0.00000,0.44000,0.00180,0.43600,0.44300,0.77300,1.00000,0.00000
canwre,Canyon Wren,Catherpes mexicanus,Aridlands,NA,0.37000,0.00280,0.36500,0.37500,0.38700,1.00000,0.00000,0.44000,0.00280,0.43400,0.44500,0.27700,0.00000,1.00000
carchi,Carolina Chickadee,Poecile carolinensis,Forest,NA,0.37000,0.00110,0.36800,0.37200,0.75700,1.00000,0.00000,0.44000,0.00100,0.43800,0.44200,0.70500,1.00000,0.00000
carwre,Carolina Wren,Thryothorus ludovicianus,Forest,NA,0.37000,0.00090,0.36800,0.37200,0.72000,1.00000,0.00000,0.44000,0.00090,0.43800,0.44200,0.67500,1.00000,0.00000
casfin,Cassin's Finch,Haemorhous cassinii,Forest,NA,0.37000,0.00150,0.36700,0.37300,0.32300,0.00000,1.00000,0.44000,0.00150,0.43700,0.44300,0.73200,1.00000,0.00000
caskin,Cassin's Kingbird,Tyrannus vociferans,Forest,NA,0.37000,0.00200,0.36600,0.37400,0.34100,0.00000,1.00000,0.44000,0.00210,0.43600,0.44400,0.11000,0.00000,1.00000
casspa,Cassin's Sparrow,Peucaea cassinii,Grasslands,NA,0.37000,0.00170,0.36700,0.37300,0.43200,1.00000,0.00000,0.44000,0.00180,0.43600,0.44400,0.12500,0.00000,1.00000
caster1,Caspian Tern,Hydroprogne caspia,Water/wetland,NA,0.34800,0.01290,0.32300,0.37300,0.49700,1.00000,0.00000,0.41400,0.01310,0.38800,0.43900,0.35500,0.00000,1.00000
casvir,Cassin's Vireo,Vireo cassinii,Forest,NA,0.37000,0.00150,0.36700,0.37300,0.47600,1.00000,0.00000,0.44000,0.00160,0.43700,0.44300,0.67600,1.00000,0.00000
categr,Cattle Egret,Bubulcus ibis,Water/wetland,NA,0.37000,0.00500,0.36000,0.37900,0.59900,1.00000,0.00000,0.44000,0.00550,0.42900,0.45000,0.43300,0.00000,0.00000
cavswa,Cave Swallow,Petrochelidon fulva,Aridlands,NA,0.37000,0.00220,0.36600,0.37400,0.55800,1.00000,0.00000,0.44000,0.00220,0.43600,0.44400,0.15200,0.00000,1.00000
cedwax,Cedar Waxwing,Bombycilla cedrorum,Forest,NA,0.37000,0.00060,0.36900,0.37100,0.57500,1.00000,0.00000,0.44000,0.00060,0.43900,0.44100,0.55600,1.00000,0.00000
cerwar,Cerulean Warbler,Setophaga cerulea,Forest,Tipping Point,0.37000,0.00380,0.36300,0.37700,0.90600,1.00000,0.00000,0.44000,0.00380,0.43300,0.44800,0.93600,1.00000,0.00000
chbchi,Chestnut-backed Chickadee,Poecile rufescens,Forest,NA,0.37000,0.00300,0.36400,0.37600,0.55900,1.00000,0.00000,0.44000,0.00300,0.43400,0.44600,0.89900,1.00000,0.00000
chclon,Chestnut-collared Longspur,Calcarius ornatus,Grasslands,Tipping Point,0.37000,0.00200,0.36600,0.37400,0.37400,0.00000,0.00000,0.44000,0.00220,0.43600,0.44400,0.35500,0.00000,1.00000
chirav,Chihuahuan Raven,Corvus cryptoleucus,Aridlands,NA,0.37000,0.00310,0.36400,0.37600,0.32700,0.00000,1.00000,0.44000,0.00340,0.43300,0.44700,0.04300,0.00000,1.00000
chispa,Chipping Sparrow,Spizella passerina,Forest,NA,0.37000,0.00050,0.36900,0.37100,0.50600,1.00000,0.00000,0.44000,0.00050,0.43900,0.44100,0.50600,1.00000,0.00000
chiswi,Chimney Swift,Chaetura pelagica,Forest,Tipping Point,0.37000,0.00340,0.36300,0.37700,0.57100,1.00000,0.00000,0.44000,0.00340,0.43300,0.44700,0.56200,1.00000,0.00000
chswar,Chestnut-sided Warbler,Setophaga pensylvanica,Forest,NA,0.37000,0.00120,0.36800,0.37200,0.64900,1.00000,0.00000,0.44000,0.00130,0.43700,0.44200,0.78300,1.00000,0.00000
chwwid,Chuck-will's-widow,Antrostomus carolinensis,Forest,NA,0.37000,0.00170,0.36700,0.37300,0.82300,1.00000,0.00000,0.44000,0.00170,0.43700,0.44300,0.71000,1.00000,0.00000
cintea,Cinnamon Teal,Spatula cyanoptera,Water/wetland,NA,0.37000,0.00270,0.36500,0.37500,0.17200,0.00000,1.00000,0.44000,0.00280,0.43400,0.44500,0.15500,0.00000,1.00000
clagre,Clark's Grebe,Aechmophorus clarkii,Water/wetland,Tipping Point,0.37000,0.01280,0.34400,0.39500,0.35000,0.00000,0.00000,0.44000,0.01380,0.41300,0.46800,0.26800,0.00000,1.00000
clanut,Clark's Nutcracker,Nucifraga columbiana,Forest,NA,0.37000,0.00220,0.36600,0.37400,0.25700,0.00000,1.00000,0.44000,0.00210,0.43600,0.44400,0.84500,1.00000,0.00000
clcspa,Clay-colored Sparrow,Spizella pallida,Grasslands,NA,0.37000,0.00100,0.36800,0.37200,0.43200,1.00000,0.00000,0.44000,0.00100,0.43800,0.44200,0.37900,0.00000,1.00000
cliswa,Cliff Swallow,Petrochelidon pyrrhonota,Habitat Generalist,NA,0.37000,0.00080,0.36800,0.37100,0.35400,0.00000,1.00000,0.44000,0.00080,0.43800,0.44200,0.33500,0.00000,1.00000
cogdov,Common Ground Dove,Columbina passerina,Aridlands,NA,0.37000,0.00350,0.36300,0.37700,0.49500,1.00000,0.00000,0.44000,0.00340,0.43400,0.44700,0.27800,0.00000,1.00000
comgal1,Common Gallinule,Gallinula galeata,Water/wetland,NA,0.37000,0.00650,0.35700,0.38200,0.50300,1.00000,0.00000,0.44000,0.00640,0.42800,0.45300,0.55800,1.00000,0.00000
comgol,Common Goldeneye,Bucephala clangula,Water/wetland,NA,0.36800,0.00420,0.36000,0.37600,0.29800,0.00000,1.00000,0.43700,0.00430,0.42900,0.44600,0.44800,1.00000,0.00000
comgra,Common Grackle,Quiscalus quiscula,Habitat Generalist,NA,0.37000,0.01230,0.34500,0.39400,0.34800,0.00000,0.00000,0.44000,0.01290,0.41500,0.46500,0.37900,0.00000,1.00000
comloo,Common Loon,Gavia immer,Water/wetland,NA,0.36400,0.00400,0.35600,0.37200,0.42200,1.00000,0.00000,0.43300,0.00420,0.42400,0.44100,0.51400,1.00000,0.00000
commer,Common Merganser,Mergus merganser,Water/wetland,NA,0.36900,0.00810,0.35300,0.38500,0.43500,1.00000,0.00000,0.44000,0.00850,0.42300,0.45600,0.58700,1.00000,0.00000
comnig,Common Nighthawk,Chordeiles minor,Habitat Generalist,NA,0.37000,0.00070,0.36900,0.37100,0.46700,1.00000,0.00000,0.44000,0.00080,0.43800,0.44100,0.55300,1.00000,0.00000
compoo,Common Poorwill,Phalaenoptilus nuttallii,Aridlands,NA,0.37000,0.00140,0.36700,0.37300,0.32500,0.00000,1.00000,0.44000,0.00150,0.43700,0.44300,0.40200,0.00000,1.00000
comrav,Common Raven,Corvus corax,Habitat Generalist,NA,0.36900,0.00060,0.36800,0.37000,0.20700,0.00000,1.00000,0.43900,0.00060,0.43800,0.44000,0.34600,0.00000,1.00000
comred,Common Redpoll,Acanthis flammea,Water/wetland,NA,0.37000,0.00100,0.36800,0.37200,0.14400,0.00000,1.00000,0.44000,0.00100,0.43800,0.44200,0.34400,0.00000,1.00000
comter,Common Tern,Sterna hirundo,Water/wetland,NA,0.32400,0.02300,0.27900,0.36900,0.68500,1.00000,0.00000,0.38600,0.02450,0.33800,0.43400,0.19200,0.00000,1.00000
comyel,Common Yellowthroat,Geothlypis trichas,Habitat Generalist,NA,0.37000,0.00060,0.36900,0.37100,0.44500,1.00000,0.00000,0.44000,0.00060,0.43900,0.44100,0.49800,1.00000,0.00000
conwar,Connecticut Warbler,Oporornis agilis,Forest,NA,0.37000,0.00550,0.35900,0.38100,0.40100,1.00000,0.00000,0.44000,0.00520,0.43000,0.45000,0.80200,1.00000,0.00000
coohaw,Cooper's Hawk,Accipiter cooperii,Forest,NA,0.37000,0.00050,0.36900,0.37100,0.39100,1.00000,0.00000,0.44000,0.00050,0.43900,0.44100,0.41600,0.00000,1.00000
corfly,Cordilleran Flycatcher,Empidonax occidentalis,Forest,NA,0.37000,0.00240,0.36500,0.37500,0.40300,1.00000,0.00000,0.44000,0.00240,0.43500,0.44500,0.78600,1.00000,0.00000
coshum,Costa's Hummingbird,Calypte costae,Aridlands,NA,0.37000,0.00330,0.36400,0.37700,0.21700,0.00000,1.00000,0.44000,0.00360,0.43300,0.44700,0.08100,0.00000,1.00000
coukin,Couch's Kingbird,Tyrannus couchii,Aridlands,NA,0.37000,0.00550,0.35900,0.38100,0.32200,0.00000,1.00000,0.44000,0.00560,0.42900,0.45100,0.06900,0.00000,1.00000
cowscj1,California Scrub-Jay,Aphelocoma californica,Forest,NA,0.37000,0.00360,0.36300,0.37700,0.60000,1.00000,0.00000,0.44000,0.00400,0.43200,0.44800,0.52800,1.00000,0.00000
crithr,Crissal Thrasher,Toxostoma crissale,Aridlands,NA,0.37000,0.00300,0.36400,0.37600,0.27900,0.00000,1.00000,0.44000,0.00310,0.43400,0.44600,0.02300,0.00000,1.00000
cubthr,Curve-billed Thrasher,Toxostoma curvirostre,Aridlands,NA,0.37000,0.00290,0.36500,0.37600,0.40100,1.00000,0.00000,0.44000,0.00290,0.43400,0.44600,0.00800,0.00000,1.00000
daejun,Dark-eyed Junco,Junco hyemalis,Forest,NA,0.37000,0.00040,0.36900,0.37100,0.44300,1.00000,0.00000,0.44000,0.00040,0.43900,0.44100,0.52100,1.00000,0.00000
dickci,Dickcissel,Spiza americana,Grasslands,NA,0.37000,0.00130,0.36700,0.37300,0.38100,1.00000,0.00000,0.44000,0.00130,0.43800,0.44300,0.29800,0.00000,1.00000
doccor,double-crested cormorant,Nannopterum auritum,Water/wetland,NA,0.36500,0.00790,0.34900,0.38100,0.48700,1.00000,0.00000,0.43400,0.00780,0.41900,0.44900,0.40000,0.00000,1.00000
dowwoo,Downy Woodpecker,Dryobates pubescens,Forest,NA,0.37000,0.00070,0.36900,0.37100,0.61100,1.00000,0.00000,0.44000,0.00070,0.43900,0.44100,0.62500,1.00000,0.00000
dunlin,Dunlin,Calidris alpina,Water/wetland,NA,0.36400,0.00970,0.34500,0.38300,0.32000,0.00000,1.00000,0.43200,0.00970,0.41300,0.45100,0.21000,0.00000,1.00000
dusfly,Dusky Flycatcher,Empidonax oberholseri,Forest,NA,0.37000,0.00120,0.36800,0.37200,0.32500,0.00000,1.00000,0.44000,0.00120,0.43800,0.44200,0.67900,1.00000,0.00000
dusgro,Dusky Grouse,Dendragapus obscurus,Forest,NA,0.37000,0.00280,0.36500,0.37600,0.28600,0.00000,1.00000,0.44000,0.00280,0.43400,0.44500,0.91100,1.00000,0.00000
eargre,Eared Grebe,Podiceps nigricollis,Water/wetland,NA,0.37100,0.01770,0.33600,0.40500,0.06800,0.00000,1.00000,0.43800,0.01820,0.40300,0.47400,0.10900,0.00000,1.00000
easblu,Eastern Bluebird,Sialia sialis,Forest,NA,0.37000,0.00070,0.36900,0.37100,0.65700,1.00000,0.00000,0.44000,0.00080,0.43900,0.44100,0.61200,1.00000,0.00000
easkin,Eastern Kingbird,Tyrannus tyrannus,Grasslands,NA,0.37000,0.00090,0.36800,0.37200,0.46000,1.00000,0.00000,0.44000,0.00090,0.43800,0.44200,0.50800,1.00000,0.00000
easmea,Eastern Meadowlark,Sturnella magna,Grasslands,NA,0.37000,0.00100,0.36800,0.37200,0.50200,1.00000,0.00000,0.44000,0.00110,0.43800,0.44200,0.36800,0.00000,1.00000
easowl1,Eastern Screech-Owl,Megascops asio,Forest,NA,0.37000,0.00110,0.36800,0.37200,0.68200,1.00000,0.00000,0.44000,0.00110,0.43800,0.44200,0.65200,1.00000,0.00000
easpho,Eastern Phoebe,Sayornis phoebe,Forest,NA,0.37000,0.00070,0.36900,0.37100,0.67000,1.00000,0.00000,0.44000,0.00070,0.43800,0.44100,0.62000,1.00000,0.00000
eastow,Eastern Towhee,Pipilo erythrophthalmus,Forest,NA,0.37000,0.00100,0.36800,0.37200,0.71000,1.00000,0.00000,0.44000,0.00100,0.43800,0.44200,0.69900,1.00000,0.00000
easwpw1,Eastern Whip-poor-will,Antrostomus vociferus,Forest,Tipping Point,0.37000,0.00210,0.36600,0.37400,0.83300,1.00000,0.00000,0.44000,0.00210,0.43600,0.44400,0.87700,1.00000,0.00000
eawpew,Eastern Wood-Pewee,Contopus virens,Forest,NA,0.37000,0.00080,0.36900,0.37200,0.60700,1.00000,0.00000,0.44000,0.00080,0.43800,0.44200,0.62000,1.00000,0.00000
evegro,Evening Grosbeak,Coccothraustes vespertinus,Forest,Tipping Point,0.37000,0.00150,0.36700,0.37300,0.54800,1.00000,0.00000,0.44000,0.00160,0.43700,0.44300,0.88200,1.00000,0.00000
ferhaw,Ferruginous Hawk,Buteo regalis,Grasslands,NA,0.37000,0.00130,0.36800,0.37300,0.34800,0.00000,1.00000,0.44000,0.00130,0.43700,0.44300,0.33800,0.00000,1.00000
fiespa,Field Sparrow,Spizella pusilla,Forest,NA,0.37000,0.00080,0.36800,0.37200,0.59400,1.00000,0.00000,0.44000,0.00080,0.43800,0.44200,0.55000,1.00000,0.00000
fiscro,Fish Crow,Corvus ossifragus,Habitat Generalist,NA,0.37000,0.00280,0.36400,0.37500,0.58700,1.00000,0.00000,0.43900,0.00290,0.43400,0.44500,0.56400,1.00000,0.00000
forter,Forster's Tern,Sterna forsteri,Water/wetland,NA,0.36000,0.00570,0.34900,0.37100,0.46700,1.00000,0.00000,0.42800,0.00590,0.41700,0.44000,0.46600,1.00000,0.00000
foxspa,Fox Sparrow,Passerella iliaca,Forest,NA,0.36900,0.00080,0.36800,0.37100,0.29100,0.00000,1.00000,0.43900,0.00080,0.43800,0.44100,0.39000,0.00000,1.00000
fragul,Franklin's Gull,Leucophaeus pipixcan,Water/wetland,NA,0.37000,0.00830,0.35300,0.38600,0.47700,1.00000,0.00000,0.44000,0.00910,0.42200,0.45800,0.49400,1.00000,0.00000
fuwduc,Fulvous Whistling-Duck,Dendrocygna bicolor,Water/wetland,NA,0.37000,0.00830,0.35400,0.38600,0.21600,0.00000,1.00000,0.44000,0.00860,0.42400,0.45700,0.26000,0.00000,1.00000
gadwal,Gadwall,Mareca strepera,Water/wetland,NA,0.37000,0.00190,0.36600,0.37400,0.31000,0.00000,1.00000,0.44000,0.00200,0.43600,0.44400,0.33200,0.00000,1.00000
gamqua,Gambel's Quail,Callipepla gambelii,Aridlands,NA,0.37000,0.00310,0.36400,0.37600,0.20900,0.00000,1.00000,0.44000,0.00320,0.43400,0.44600,0.00700,0.00000,1.00000
gbbgul,Great Black-backed Gull,Larus marinus,Water/wetland,Tipping Point,0.33300,0.01480,0.30400,0.36200,0.78300,1.00000,0.00000,0.39700,0.01660,0.36400,0.42900,0.18900,0.00000,1.00000
gilfli,Gilded Flicker,Colaptes chrysoides,Aridlands,NA,0.37000,0.00620,0.35800,0.38300,0.22500,0.00000,1.00000,0.44000,0.00640,0.42800,0.45300,0.00000,0.00000,1.00000
gilwoo,Gila Woodpecker,Melanerpes uropygialis,Aridlands,NA,0.37000,0.00520,0.36000,0.38100,0.32400,0.00000,1.00000,0.44000,0.00530,0.43000,0.45100,0.00500,0.00000,1.00000
gloibi,Glossy Ibis,Plegadis falcinellus,Water/wetland,NA,0.36900,0.00760,0.35500,0.38400,0.55300,1.00000,0.00000,0.44000,0.00770,0.42500,0.45500,0.51300,1.00000,0.00000
gnttow,Green-tailed Towhee,Pipilo chlorurus,Aridlands,NA,0.37000,0.00120,0.36800,0.37200,0.25000,0.00000,1.00000,0.44000,0.00130,0.43800,0.44200,0.45500,1.00000,0.00000
gnwtea,Green-winged Teal,Anas crecca,Water/wetland,NA,0.37000,0.00290,0.36400,0.37500,0.21400,0.00000,1.00000,0.43900,0.00310,0.43300,0.44600,0.25300,0.00000,1.00000
gockin,Golden-crowned Kinglet,Regulus satrapa,Forest,NA,0.37000,0.00080,0.36800,0.37100,0.56800,1.00000,0.00000,0.44000,0.00080,0.43800,0.44100,0.74400,1.00000,0.00000
gocspa,Golden-crowned Sparrow,Zonotrichia atricapilla,Water/wetland,NA,0.36900,0.00170,0.36600,0.37200,0.30600,0.00000,1.00000,0.43900,0.00180,0.43500,0.44200,0.39800,0.00000,1.00000
gofwoo,Golden-fronted Woodpecker,Melanerpes aurifrons,Aridlands,NA,0.37000,0.00350,0.36300,0.37700,0.41100,1.00000,0.00000,0.44000,0.00350,0.43300,0.44700,0.09400,0.00000,1.00000
goleag,Golden Eagle,Aquila chrysaetos,Habitat Generalist,NA,0.37000,0.00150,0.36700,0.37300,0.12600,0.00000,1.00000,0.44000,0.00160,0.43700,0.44300,0.29500,0.00000,1.00000
gowwar,Golden-winged Warbler,Vermivora chrysoptera,Forest,Tipping Point,0.37000,0.00230,0.36600,0.37500,0.64500,1.00000,0.00000,0.44000,0.00230,0.43500,0.44400,0.77300,1.00000,0.00000
graspa,Grasshopper Sparrow,Ammodramus savannarum,Grasslands,NA,0.37000,0.00110,0.36800,0.37200,0.50200,1.00000,0.00000,0.44000,0.00110,0.43800,0.44200,0.52500,1.00000,0.00000
grawar,Grace's Warbler,Setophaga graciae,Forest,Tipping Point,0.37000,0.00470,0.36000,0.37900,0.43300,1.00000,0.00000,0.44000,0.00480,0.43100,0.44900,0.65100,1.00000,0.00000
grbani,Groove-billed Ani,Crotophaga sulcirostris,Habitat Generalist,NA,0.37000,0.00790,0.35500,0.38600,0.16900,0.00000,1.00000,0.44000,0.00840,0.42400,0.45700,0.05500,0.00000,1.00000
grbher3,Great Blue Heron,Ardea herodias,Water/wetland,NA,0.36900,0.00090,0.36800,0.37100,0.41400,1.00000,0.00000,0.43900,0.00090,0.43700,0.44100,0.39600,0.00000,1.00000
grcfly,Great Crested Flycatcher,Myiarchus crinitus,Forest,NA,0.37000,0.00080,0.36800,0.37100,0.62700,1.00000,0.00000,0.44000,0.00080,0.43800,0.44200,0.60100,1.00000,0.00000
greegr,Great Egret,Ardea alba,Water/wetland,NA,0.36900,0.00250,0.36400,0.37400,0.36300,0.00000,1.00000,0.43900,0.00260,0.43400,0.44400,0.37100,0.00000,1.00000
greroa,Greater Roadrunner,Geococcyx californianus,Aridlands,NA,0.37000,0.00200,0.36600,0.37400,0.45800,1.00000,0.00000,0.44000,0.00210,0.43600,0.44400,0.11000,0.00000,1.00000
gresca,Greater Scaup,Aythya marila,Water/wetland,NA,0.36600,0.00690,0.35200,0.38000,0.24200,0.00000,1.00000,0.43500,0.00700,0.42200,0.44900,0.21400,0.00000,1.00000
greyel,Greater Yellowlegs,Tringa melanoleuca,Water/wetland,NA,0.37000,0.00170,0.36600,0.37300,0.19400,0.00000,1.00000,0.44000,0.00170,0.43600,0.44300,0.18800,0.00000,1.00000
grhowl,Great Horned Owl,Bubo virginianus,Habitat Generalist,NA,0.37000,0.00060,0.36900,0.37100,0.36700,0.00000,1.00000,0.44000,0.00060,0.43900,0.44100,0.38700,0.00000,1.00000
grnher,Green Heron,Butorides virescens,Water/wetland,NA,0.37000,0.00100,0.36800,0.37200,0.50600,1.00000,0.00000,0.44000,0.00110,0.43800,0.44200,0.49100,1.00000,0.00000
grnjay,Green Jay,Cyanocorax yncas,Aridlands,NA,0.37000,0.00590,0.35900,0.38200,0.31100,0.00000,1.00000,0.44000,0.00590,0.42900,0.45200,0.05800,0.00000,1.00000
grpchi,Greater Prairie-Chicken,Tympanuchus cupido,Grasslands,NA,0.37000,0.00340,0.36300,0.37700,0.66700,1.00000,0.00000,0.44000,0.00360,0.43300,0.44700,0.67900,1.00000,0.00000
grtgra,Great-tailed Grackle,Quiscalus mexicanus,Habitat Generalist,NA,0.37000,0.00390,0.36200,0.37700,0.30800,0.00000,1.00000,0.43900,0.00410,0.43100,0.44800,0.10600,0.00000,1.00000
grycat,Gray Catbird,Dumetella carolinensis,Forest,NA,0.37000,0.00080,0.36800,0.37100,0.51500,1.00000,0.00000,0.44000,0.00080,0.43800,0.44100,0.54800,1.00000,0.00000
gryfly,Gray Flycatcher,Empidonax wrightii,Forest,NA,0.37000,0.00130,0.36700,0.37300,0.18800,0.00000,1.00000,0.44000,0.00130,0.43700,0.44300,0.29700,0.00000,1.00000
gryjay,Canada Jay,Perisoreus canadensis,Forest,NA,0.37000,0.00140,0.36700,0.37300,0.11800,0.00000,1.00000,0.44000,0.00160,0.43700,0.44300,0.51800,1.00000,0.00000
grykin,Gray Kingbird,Tyrannus dominicensis,Forest,NA,0.36900,0.02710,0.31600,0.42300,0.29700,0.00000,1.00000,0.43900,0.02900,0.38200,0.49500,0.24500,0.00000,1.00000
gryvir,Gray Vireo,Vireo vicinior,Forest,NA,0.37000,0.00310,0.36400,0.37600,0.23700,0.00000,1.00000,0.44000,0.00290,0.43400,0.44600,0.08500,0.00000,1.00000
gwfgoo,Greater White-fronted Goose,Anser albifrons,Water/wetland,NA,0.37000,0.00220,0.36600,0.37400,0.14200,0.00000,1.00000,0.44000,0.00210,0.43600,0.44400,0.15200,0.00000,1.00000
gycthr,Gray-cheeked Thrush,Catharus minimus,Forest,NA,0.37000,0.00120,0.36700,0.37200,0.13000,0.00000,1.00000,0.44000,0.00130,0.43700,0.44200,0.20300,0.00000,1.00000
haiwoo,Hairy Woodpecker,Dryobates villosus,Forest,NA,0.37000,0.00070,0.36900,0.37100,0.58000,1.00000,0.00000,0.44000,0.00080,0.43900,0.44100,0.75200,1.00000,0.00000
hamfly,Hammond's Flycatcher,Empidonax hammondii,Forest,NA,0.37000,0.00150,0.36700,0.37300,0.40400,1.00000,0.00000,0.44000,0.00150,0.43700,0.44300,0.71700,1.00000,0.00000
harduc,Harlequin Duck,Histrionicus histrionicus,Water/wetland,NA,0.31400,0.00610,0.30200,0.32600,0.44700,1.00000,0.00000,0.37400,0.00610,0.36200,0.38500,0.11200,0.00000,1.00000
harspa,Harris's Sparrow,Zonotrichia querula,Water/wetland,Tipping Point,0.37000,0.00170,0.36700,0.37300,0.42800,1.00000,0.00000,0.44000,0.00160,0.43700,0.44300,0.37200,0.00000,1.00000
henspa,Henslow's Sparrow,Centronyx henslowii,Grasslands,Tipping Point,0.37000,0.00280,0.36400,0.37600,0.50300,1.00000,0.00000,0.44000,0.00300,0.43400,0.44600,0.48100,1.00000,0.00000
heptan,Hepatic Tanager,Piranga flava,Forest,NA,0.37000,0.00490,0.36100,0.38000,0.44100,1.00000,0.00000,0.44000,0.00500,0.43000,0.45000,0.38800,0.00000,1.00000
hergul,Herring Gull,Larus argentatus,Water/wetland,NA,0.36400,0.00820,0.34800,0.38000,0.24800,0.00000,1.00000,0.43300,0.00900,0.41500,0.45000,0.60600,1.00000,0.00000
herthr,Hermit Thrush,Catharus guttatus,Forest,NA,0.37000,0.00070,0.36800,0.37100,0.48700,1.00000,0.00000,0.43900,0.00070,0.43800,0.44100,0.65200,1.00000,0.00000
herwar,Hermit Warbler,Setophaga occidentalis,Forest,NA,0.37000,0.00330,0.36400,0.37700,0.61100,1.00000,0.00000,0.44000,0.00340,0.43300,0.44700,0.83900,1.00000,0.00000
hoared,Hoary Redpoll,Acanthis hornemanni,Water/wetland,NA,0.36800,0.00190,0.36500,0.37200,0.01900,0.00000,1.00000,0.43800,0.00200,0.43400,0.44200,0.06800,0.00000,1.00000
hoomer,Hooded Merganser,Lophodytes cucullatus,Water/wetland,NA,0.37000,0.00230,0.36500,0.37500,0.44900,1.00000,0.00000,0.44000,0.00230,0.43500,0.44400,0.56400,1.00000,0.00000
hooori,Hooded Oriole,Icterus cucullatus,Aridlands,NA,0.37000,0.00310,0.36400,0.37600,0.33500,0.00000,1.00000,0.44000,0.00330,0.43300,0.44600,0.07000,0.00000,1.00000
hoowar,Hooded Warbler,Setophaga citrina,Forest,NA,0.37000,0.00170,0.36700,0.37300,0.87800,1.00000,0.00000,0.44000,0.00170,0.43700,0.44300,0.80500,1.00000,0.00000
horgre,Horned Grebe,Podiceps auritus,Water/wetland,NA,0.36300,0.00430,0.35400,0.37100,0.40400,1.00000,0.00000,0.43100,0.00430,0.42300,0.44000,0.43600,0.00000,0.00000
horlar,Horned Lark,Eremophila alpestris,Grasslands,NA,0.37000,0.00130,0.36800,0.37200,0.23700,0.00000,1.00000,0.44000,0.00130,0.43700,0.44300,0.26400,0.00000,1.00000
houfin,House Finch,Haemorhous mexicanus,Habitat Generalist,NA,0.37000,0.00140,0.36700,0.37300,0.35300,0.00000,1.00000,0.44000,0.00150,0.43700,0.44300,0.13700,0.00000,1.00000
houwre,House Wren,Troglodytes aedon,Forest,NA,0.37000,0.00050,0.36900,0.37100,0.42300,1.00000,0.00000,0.44000,0.00050,0.43900,0.44100,0.47000,1.00000,0.00000
hrshaw,Harris's Hawk,Parabuteo unicinctus,Aridlands,NA,0.37000,0.00560,0.35900,0.38100,0.31100,0.00000,1.00000,0.44000,0.00550,0.42900,0.45100,0.03100,0.00000,1.00000
hudgod,Hudsonian Godwit,Limosa haemastica,Water/wetland,Tipping Point,0.37000,0.00340,0.36300,0.37700,0.19600,0.00000,1.00000,0.44000,0.00380,0.43300,0.44700,0.19600,0.00000,1.00000
hutvir,Hutton's Vireo,Vireo huttoni,Forest,NA,0.37000,0.00330,0.36300,0.37600,0.60600,1.00000,0.00000,0.44000,0.00350,0.43300,0.44700,0.73500,1.00000,0.00000
incdov,Inca Dove,Columbina inca,Aridlands,NA,0.37000,0.01340,0.34400,0.39600,0.37200,0.00000,0.00000,0.43900,0.01390,0.41200,0.46700,0.10800,0.00000,1.00000
indbun,Indigo Bunting,Passerina cyanea,Forest,NA,0.37000,0.00090,0.36800,0.37200,0.58900,1.00000,0.00000,0.44000,0.00090,0.43800,0.44200,0.57800,1.00000,0.00000
juntit1,Juniper Titmouse,Baeolophus ridgwayi,Forest,NA,0.37000,0.00280,0.36400,0.37600,0.22500,0.00000,1.00000,0.44000,0.00280,0.43400,0.44500,0.14800,0.00000,1.00000
kenwar,Kentucky Warbler,Geothlypis formosa,Forest,NA,0.37000,0.00170,0.36700,0.37300,0.85200,1.00000,0.00000,0.44000,0.00170,0.43700,0.44300,0.82100,1.00000,0.00000
killde,Killdeer,Charadrius vociferus,Habitat Generalist,NA,0.37000,0.00100,0.36800,0.37200,0.27100,0.00000,1.00000,0.44000,0.00100,0.43800,0.44200,0.25800,0.00000,1.00000
kineid,King Eider,Somateria spectabilis,Water/wetland,Tipping Point,0.33100,0.00750,0.31700,0.34600,0.13100,0.00000,1.00000,0.39400,0.00790,0.37900,0.40900,0.00000,0.00000,1.00000
kinrai4,King Rail,Rallus elegans,Water/wetland,Tipping Point,0.36900,0.00590,0.35800,0.38100,0.45500,1.00000,0.00000,0.43900,0.00630,0.42700,0.45100,0.72600,1.00000,0.00000
labwoo,Ladder-backed Woodpecker,Dryobates scalaris,Aridlands,NA,0.37000,0.00170,0.36700,0.37300,0.44000,1.00000,0.00000,0.44000,0.00180,0.43600,0.44400,0.10100,0.00000,1.00000
laplon,Lapland Longspur,Calcarius lapponicus,Water/wetland,NA,0.36800,0.00240,0.36400,0.37300,0.26900,0.00000,1.00000,0.43800,0.00240,0.43300,0.44300,0.28100,0.00000,1.00000
larbun,Lark Bunting,Calamospiza melanocorys,Grasslands,NA,0.37000,0.00170,0.36700,0.37300,0.42700,1.00000,0.00000,0.44000,0.00180,0.43600,0.44300,0.25400,0.00000,1.00000
larspa,Lark Sparrow,Chondestes grammacus,Grasslands,NA,0.37000,0.00080,0.36800,0.37200,0.44000,1.00000,0.00000,0.44000,0.00090,0.43800,0.44200,0.30300,0.00000,1.00000
lawgol,Lawrence's Goldfinch,Spinus lawrencei,Aridlands,NA,0.37000,0.00360,0.36300,0.37700,0.53900,1.00000,0.00000,0.44000,0.00380,0.43300,0.44800,0.34100,0.00000,1.00000
lazbun,Lazuli Bunting,Passerina amoena,Forest,NA,0.37000,0.00100,0.36800,0.37200,0.31400,0.00000,1.00000,0.44000,0.00110,0.43800,0.44200,0.45900,1.00000,0.00000
leabit,Least Bittern,Ixobrychus exilis,Water/wetland,NA,0.36900,0.00450,0.36000,0.37800,0.36800,0.00000,0.00000,0.43800,0.00470,0.42900,0.44700,0.54400,1.00000,0.00000
leafly,Least Flycatcher,Empidonax minimus,Forest,NA,0.37000,0.00090,0.36800,0.37200,0.45300,1.00000,0.00000,0.44000,0.00090,0.43800,0.44200,0.53600,1.00000,0.00000
leasan,Least Sandpiper,Calidris minutilla,Water/wetland,NA,0.37000,0.00270,0.36400,0.37500,0.20800,0.00000,1.00000,0.44000,0.00280,0.43400,0.44500,0.16600,0.00000,1.00000
lecspa,LeConte's Sparrow,Ammospiza leconteii,Grasslands,Tipping Point,0.37000,0.00180,0.36600,0.37400,0.27200,0.00000,1.00000,0.44000,0.00190,0.43600,0.44400,0.25200,0.00000,1.00000
lecthr,LeConte's Thrasher,Toxostoma lecontei,Aridlands,Tipping Point,0.37100,0.00660,0.35800,0.38400,0.06200,0.00000,1.00000,0.44000,0.00700,0.42600,0.45300,0.00100,0.00000,1.00000
lesgol,Lesser Goldfinch,Spinus psaltria,Forest,NA,0.37000,0.00130,0.36700,0.37300,0.39900,1.00000,0.00000,0.44000,0.00150,0.43700,0.44300,0.22900,0.00000,1.00000
lesnig,Lesser Nighthawk,Chordeiles acutipennis,Aridlands,NA,0.37000,0.00250,0.36500,0.37500,0.29300,0.00000,1.00000,0.44000,0.00250,0.43500,0.44500,0.00900,0.00000,1.00000
lessca,Lesser Scaup,Aythya affinis,Water/wetland,NA,0.36800,0.00560,0.35700,0.37900,0.35700,0.00000,1.00000,0.43700,0.00570,0.42600,0.44800,0.41800,0.00000,1.00000
lesyel,Lesser Yellowlegs,Tringa flavipes,Water/wetland,Tipping Point,0.37000,0.00280,0.36400,0.37500,0.14300,0.00000,1.00000,0.44000,0.00290,0.43400,0.44500,0.18000,0.00000,1.00000
lewwoo,Lewis's Woodpecker,Melanerpes lewis,Forest,NA,0.37000,0.00260,0.36500,0.37500,0.38300,1.00000,0.00000,0.44000,0.00280,0.43500,0.44600,0.61800,1.00000,0.00000
libher,Little Blue Heron,Egretta caerulea,Water/wetland,NA,0.37000,0.00280,0.36400,0.37500,0.43300,1.00000,0.00000,0.44000,0.00310,0.43400,0.44600,0.43300,0.00000,1.00000
limpki,Limpkin,Aramus guarauna,Water/wetland,NA,0.37000,0.01030,0.35000,0.39100,0.63500,1.00000,0.00000,0.44000,0.01080,0.41900,0.46100,0.60500,1.00000,0.00000
linspa,Lincoln's Sparrow,Melospiza lincolnii,Forest,NA,0.37000,0.00050,0.36900,0.37100,0.32400,0.00000,1.00000,0.44000,0.00050,0.43900,0.44100,0.37700,0.00000,1.00000
lobcur,Long-billed Curlew,Numenius americanus,Grasslands,NA,0.37000,0.00440,0.36100,0.37900,0.23700,0.00000,1.00000,0.44000,0.00440,0.43100,0.44900,0.15700,0.00000,1.00000
lobdow,Long-billed Dowitcher,Limnodromus scolopaceus,Water/wetland,Tipping Point,0.37000,0.00430,0.36100,0.37800,0.17600,0.00000,1.00000,0.43900,0.00470,0.43000,0.44800,0.17300,0.00000,1.00000
lobthr,Long-billed Thrasher,Toxostoma longirostre,Aridlands,NA,0.37000,0.00540,0.36000,0.38100,0.35700,0.00000,1.00000,0.44000,0.00530,0.43000,0.45000,0.06700,0.00000,1.00000
loeowl,Long-eared Owl,Asio otus,Forest,NA,0.37000,0.00180,0.36600,0.37400,0.21600,0.00000,1.00000,0.44000,0.00190,0.43600,0.44400,0.31600,0.00000,1.00000
logshr,Loggerhead Shrike,Lanius ludovicianus,Grasslands,NA,0.37000,0.00090,0.36800,0.37200,0.35200,0.00000,1.00000,0.44000,0.00090,0.43800,0.44200,0.23600,0.00000,1.00000
lotduc,Long-tailed Duck,Clangula hyemalis,Water/wetland,NA,0.32600,0.01340,0.30000,0.35300,0.44900,1.00000,0.00000,0.38800,0.01370,0.36100,0.41500,0.13400,0.00000,1.00000
louwat,Louisiana Waterthrush,Parkesia motacilla,Forest,NA,0.37000,0.00140,0.36700,0.37300,0.84500,1.00000,0.00000,0.44000,0.00150,0.43700,0.44300,0.83000,1.00000,0.00000
lucwar,lucy's warbler,Leiothlypis luciae,Aridlands,NA,0.37000,0.00330,0.36400,0.37700,0.25700,0.00000,1.00000,0.44000,0.00350,0.43300,0.44700,0.01800,0.00000,1.00000
macwar,MacGillivray's Warbler,Geothlypis tolmiei,Forest,NA,0.37000,0.00100,0.36800,0.37200,0.34600,0.00000,1.00000,0.44000,0.00100,0.43800,0.44200,0.55800,1.00000,0.00000
magwar,Magnolia Warbler,Setophaga magnolia,Forest,NA,0.37000,0.00100,0.36800,0.37200,0.56500,1.00000,0.00000,0.44000,0.00100,0.43800,0.44200,0.66300,1.00000,0.00000
mallar3,Mallard,Anas platyrhynchos,Water/wetland,NA,0.36900,0.00320,0.36300,0.37600,0.30800,0.00000,1.00000,0.43900,0.00310,0.43300,0.44500,0.37700,0.00000,1.00000
margod,Marbled Godwit,Limosa fedoa,Water/wetland,NA,0.37000,0.01790,0.33500,0.40500,0.22100,0.00000,1.00000,0.43800,0.01830,0.40200,0.47400,0.27100,0.00000,1.00000
marwre,Marsh Wren,Cistothorus palustris,Water/wetland,NA,0.37000,0.00150,0.36700,0.37200,0.27700,0.00000,1.00000,0.44000,0.00160,0.43600,0.44300,0.29400,0.00000,1.00000
mcclon,Thick-billed Longspur,Rhynchophanes mccownii,Grasslands,Tipping Point,0.37000,0.00340,0.36300,0.37700,0.33300,0.00000,1.00000,0.44000,0.00360,0.43300,0.44700,0.30700,0.00000,1.00000
merlin,Merlin,Falco columbarius,Habitat Generalist,NA,0.37000,0.00060,0.36900,0.37100,0.21600,0.00000,1.00000,0.44000,0.00060,0.43900,0.44100,0.28300,0.00000,1.00000
mewgul,Common Gull,Larus canus,Water/wetland,NA,0.33200,0.02180,0.29000,0.37500,0.09000,0.00000,1.00000,0.39400,0.02210,0.35000,0.43700,0.00000,0.00000,1.00000
mexjay4,Mexican Jay,Aphelocoma wollweberi,Forest,NA,0.37000,0.01130,0.34800,0.39200,0.39400,1.00000,0.00000,0.44000,0.01140,0.41700,0.46200,0.29600,0.00000,1.00000
miskit,Mississippi Kite,Ictinia mississippiensis,Forest,NA,0.37000,0.00160,0.36700,0.37300,0.58200,1.00000,0.00000,0.44000,0.00160,0.43700,0.44300,0.40000,0.00000,1.00000
motduc,Mottled Duck,Anas fulvigula,Water/wetland,Tipping Point,0.36700,0.00770,0.35200,0.38200,0.34700,0.00000,1.00000,0.43600,0.00770,0.42100,0.45100,0.46500,1.00000,0.00000
moublu,Mountain Bluebird,Sialia currucoides,Forest,NA,0.37000,0.00100,0.36800,0.37200,0.31900,0.00000,1.00000,0.44000,0.00100,0.43800,0.44200,0.34100,0.00000,1.00000
mouchi,Mountain Chickadee,Poecile gambeli,Forest,NA,0.37000,0.00180,0.36700,0.37400,0.38400,1.00000,0.00000,0.44000,0.00180,0.43600,0.44400,0.85800,1.00000,0.00000
moudov,Mourning Dove,Zenaida macroura,Habitat Generalist,NA,0.37000,0.00060,0.36900,0.37100,0.42400,1.00000,0.00000,0.44000,0.00060,0.43900,0.44100,0.36300,0.00000,1.00000
mouplo,Mountain Plover,Charadrius montanus,Grasslands,Tipping Point,0.37000,0.01070,0.34900,0.39100,0.20900,0.00000,1.00000,0.44000,0.01050,0.42000,0.46100,0.14400,0.00000,1.00000
mouqua,Mountain Quail,Oreortyx pictus,Forest,NA,0.37000,0.00410,0.36200,0.37800,0.65100,1.00000,0.00000,0.44000,0.00430,0.43200,0.44800,0.91500,1.00000,0.00000
mouwar,Mourning Warbler,Geothlypis philadelphia,Forest,Tipping Point,0.37000,0.00210,0.36600,0.37400,0.57700,1.00000,0.00000,0.44000,0.00230,0.43500,0.44400,0.80100,1.00000,0.00000
naswar,nashville warbler,Leiothlypis ruficapilla,Forest,NA,0.37000,0.00090,0.36800,0.37200,0.49800,1.00000,0.00000,0.44000,0.00090,0.43800,0.44200,0.58100,1.00000,0.00000
nopowl,Northern Pygmy-Owl,Glaucidium gnoma,Forest,NA,0.37000,0.00250,0.36500,0.37500,0.57600,1.00000,0.00000,0.44000,0.00250,0.43500,0.44500,0.92600,1.00000,0.00000
norbob,Northern Bobwhite,Colinus virginianus,Forest,NA,0.37000,0.00130,0.36800,0.37200,0.49500,1.00000,0.00000,0.44000,0.00130,0.43700,0.44300,0.34700,0.00000,1.00000
norcar,Northern Cardinal,Cardinalis cardinalis,Forest,NA,0.37000,0.00070,0.36900,0.37100,0.63100,1.00000,0.00000,0.44000,0.00070,0.43900,0.44100,0.54900,1.00000,0.00000
norfli,Northern Flicker,Colaptes auratus,Forest,NA,0.37000,0.00030,0.36900,0.37100,0.47400,1.00000,0.00000,0.44000,0.00030,0.43900,0.44100,0.53500,1.00000,0.00000
norgos,Northern Goshawk,Accipiter gentilis,Forest,NA,0.37000,0.00080,0.36800,0.37100,0.11800,0.00000,1.00000,0.44000,0.00090,0.43800,0.44100,0.33900,0.00000,1.00000
norhar2,Northern Harrier,Circus hudsonius,Habitat Generalist,NA,0.37000,0.00060,0.36900,0.37100,0.27400,0.00000,1.00000,0.44000,0.00060,0.43900,0.44100,0.29100,0.00000,1.00000
normoc,Northern Mockingbird,Mimus polyglottos,Habitat Generalist,NA,0.37000,0.00080,0.36800,0.37100,0.50600,1.00000,0.00000,0.44000,0.00080,0.43800,0.44200,0.31700,0.00000,1.00000
norpar,Northern Parula,Setophaga americana,Forest,NA,0.37000,0.00110,0.36800,0.37200,0.69100,1.00000,0.00000,0.44000,0.00110,0.43800,0.44200,0.74000,1.00000,0.00000
norpin,Northern Pintail,Anas acuta,Water/wetland,NA,0.36900,0.00210,0.36500,0.37300,0.20700,0.00000,1.00000,0.43900,0.00210,0.43500,0.44300,0.26100,0.00000,1.00000
norsho,Northern Shoveler,Spatula clypeata,Water/wetland,NA,0.37000,0.00440,0.36100,0.37900,0.19800,0.00000,1.00000,0.44000,0.00460,0.43100,0.44900,0.21500,0.00000,1.00000
norshr4,Northern Shrike,Lanius borealis,Water/wetland,NA,0.37000,0.00070,0.36900,0.37100,0.18700,0.00000,1.00000,0.44000,0.00080,0.43800,0.44100,0.32100,0.00000,1.00000
norwat,Northern Waterthrush,Parkesia noveboracensis,Forest,NA,0.37000,0.00090,0.36800,0.37200,0.25600,0.00000,1.00000,0.44000,0.00090,0.43800,0.44200,0.41800,0.00000,1.00000
nrwswa,Northern Rough-winged Swallow,Stelgidopteryx serripennis,Habitat Generalist,NA,0.36900,0.00140,0.36700,0.37200,0.38500,1.00000,0.00000,0.43900,0.00150,0.43600,0.44200,0.39000,0.00000,1.00000
nstspa,Nelson's Sparrow,Ammospiza nelsoni,Water/wetland,NA,0.36900,0.00250,0.36400,0.37400,0.17500,0.00000,1.00000,0.43900,0.00260,0.43400,0.44400,0.24900,0.00000,1.00000
nswowl,Northern Saw-whet Owl,Aegolius acadicus,Forest,NA,0.37000,0.00140,0.36700,0.37300,0.34500,0.00000,1.00000,0.44000,0.00150,0.43700,0.44300,0.75100,1.00000,0.00000
nutwoo,Nuttall's Woodpecker,Dryobates nuttallii,Forest,NA,0.37000,0.00430,0.36200,0.37800,0.60200,1.00000,0.00000,0.44000,0.00500,0.43000,0.45000,0.45100,1.00000,0.00000
oaktit,Oak Titmouse,Baeolophus inornatus,Forest,NA,0.37000,0.00510,0.36000,0.38000,0.74200,1.00000,0.00000,0.44000,0.00570,0.42900,0.45100,0.66700,1.00000,0.00000
olispa,Olive Sparrow,Arremonops rufivirgatus,Aridlands,NA,0.37000,0.00520,0.36000,0.38000,0.36100,0.00000,0.00000,0.44000,0.00520,0.43000,0.45000,0.06200,0.00000,1.00000
olsfly,Olive-sided Flycatcher,Contopus cooperi,Forest,Tipping Point,0.37000,0.00070,0.36900,0.37100,0.34900,0.00000,1.00000,0.44000,0.00070,0.43900,0.44100,0.52500,1.00000,0.00000
orcori,Orchard Oriole,Icterus spurius,Forest,NA,0.37000,0.00090,0.36800,0.37100,0.54300,1.00000,0.00000,0.44000,0.00090,0.43800,0.44100,0.49300,1.00000,0.00000
orcwar,orange-crowned warbler,Leiothlypis celata,Forest,NA,0.37000,0.00050,0.36900,0.37100,0.31000,0.00000,1.00000,0.44000,0.00050,0.43900,0.44100,0.40700,0.00000,1.00000
osprey,Osprey,Pandion haliaetus,Water/wetland,NA,0.36700,0.00210,0.36300,0.37100,0.42500,1.00000,0.00000,0.43600,0.00210,0.43200,0.44100,0.52900,1.00000,0.00000
ovenbi1,Ovenbird,Seiurus aurocapilla,Forest,NA,0.37000,0.00140,0.36700,0.37300,0.71600,1.00000,0.00000,0.44000,0.00140,0.43700,0.44300,0.85800,1.00000,0.00000
pacwre1,Pacific Wren,Troglodytes pacificus,Forest,NA,0.36500,0.00260,0.36000,0.37000,0.44500,1.00000,0.00000,0.43400,0.00270,0.42900,0.43900,0.81200,1.00000,0.00000
pagplo,Pacific Golden-Plover,Pluvialis fulva,Water/wetland,NA,0.36300,0.00510,0.35300,0.37300,0.14600,0.00000,1.00000,0.43100,0.00490,0.42200,0.44100,0.00400,0.00000,1.00000
paibun,Painted Bunting,Passerina ciris,Forest,NA,0.37000,0.00170,0.36700,0.37300,0.64400,1.00000,0.00000,0.44000,0.00170,0.43700,0.44300,0.30400,0.00000,1.00000
palwar,Palm Warbler,Setophaga palmarum,Forest,NA,0.37000,0.00140,0.36700,0.37300,0.53100,1.00000,0.00000,0.44000,0.00150,0.43700,0.44300,0.55300,1.00000,0.00000
pasfly,Pacific-slope Flycatcher,Empidonax difficilis,Forest,NA,0.37000,0.00250,0.36500,0.37500,0.41300,1.00000,0.00000,0.44000,0.00260,0.43400,0.44500,0.69200,1.00000,0.00000
pecsan,Pectoral Sandpiper,Calidris melanotos,Water/wetland,Tipping Point,0.36900,0.00350,0.36200,0.37600,0.11700,0.00000,1.00000,0.43900,0.00360,0.43200,0.44600,0.12100,0.00000,1.00000
perfal,Peregrine Falcon,Falco peregrinus,Habitat Generalist,NA,0.36600,0.00110,0.36300,0.36800,0.22200,0.00000,1.00000,0.43500,0.00120,0.43200,0.43700,0.26700,0.00000,1.00000
phaino,Phainopepla,Phainopepla nitens,Aridlands,NA,0.37000,0.00320,0.36400,0.37600,0.29000,0.00000,1.00000,0.44000,0.00330,0.43400,0.44700,0.07800,0.00000,1.00000
phivir,Philadelphia Vireo,Vireo philadelphicus,Forest,NA,0.37000,0.00100,0.36800,0.37200,0.53700,1.00000,0.00000,0.44000,0.00100,0.43800,0.44200,0.61400,1.00000,0.00000
pibgre,Pied-billed Grebe,Podilymbus podiceps,Water/wetland,NA,0.37000,0.00140,0.36700,0.37300,0.41200,1.00000,0.00000,0.44000,0.00140,0.43700,0.44300,0.43400,0.00000,1.00000
pilwoo,Pileated Woodpecker,Dryocopus pileatus,Forest,NA,0.37000,0.00090,0.36800,0.37200,0.75600,1.00000,0.00000,0.44000,0.00090,0.43800,0.44200,0.79800,1.00000,0.00000
pingro,Pine Grosbeak,Pinicola enucleator,Forest,NA,0.37000,0.00110,0.36800,0.37200,0.08100,0.00000,1.00000,0.44000,0.00120,0.43800,0.44200,0.35500,0.00000,1.00000
pinjay,Pinyon Jay,Gymnorhinus cyanocephalus,Forest,Tipping Point,0.37000,0.00270,0.36500,0.37500,0.14000,0.00000,1.00000,0.44000,0.00280,0.43400,0.44500,0.12700,0.00000,1.00000
pinsis,Pine Siskin,Spinus pinus,Forest,NA,0.37000,0.00080,0.36800,0.37100,0.45800,1.00000,0.00000,0.44000,0.00090,0.43800,0.44100,0.64100,1.00000,0.00000
pinwar,Pine Warbler,Setophaga pinus,Forest,NA,0.37000,0.00130,0.36700,0.37200,0.77400,1.00000,0.00000,0.44000,0.00130,0.43700,0.44200,0.72300,1.00000,0.00000
plsvir,Plumbeous Vireo,Vireo plumbeus,Forest,NA,0.37000,0.00210,0.36600,0.37400,0.32900,0.00000,1.00000,0.44000,0.00200,0.43600,0.44400,0.39800,0.00000,1.00000
prafal,Prairie Falcon,Falco mexicanus,Aridlands,NA,0.37000,0.00080,0.36800,0.37200,0.29300,0.00000,1.00000,0.44000,0.00090,0.43800,0.44200,0.36100,0.00000,1.00000
prawar,Prairie Warbler,Setophaga discolor,Forest,Tipping Point,0.37000,0.00160,0.36700,0.37300,0.79100,1.00000,0.00000,0.44000,0.00150,0.43700,0.44300,0.75500,1.00000,0.00000
prowar,Prothonotary Warbler,Protonotaria citrea,Forest,NA,0.37000,0.00270,0.36500,0.37500,0.62600,1.00000,0.00000,0.44000,0.00270,0.43500,0.44500,0.69100,1.00000,0.00000
purfin,Purple Finch,Haemorhous purpureus,Forest,NA,0.37000,0.00090,0.36800,0.37200,0.59500,1.00000,0.00000,0.44000,0.00090,0.43800,0.44200,0.68500,1.00000,0.00000
purgal2,purple gallinule,Porphyrio martinica,Water/wetland,NA,0.37000,0.00730,0.35600,0.38400,0.50200,1.00000,0.00000,0.44000,0.00740,0.42500,0.45400,0.68800,1.00000,0.00000
purmar,Purple Martin,Progne subis,Habitat Generalist,NA,0.36900,0.02760,0.31500,0.42300,0.37900,0.00000,0.00000,0.44100,0.02870,0.38500,0.49700,0.38900,0.00000,0.00000
pursan,Purple Sandpiper,Calidris maritima,Water/wetland,NA,0.33900,0.03770,0.26500,0.41300,0.80900,1.00000,0.00000,0.40600,0.03720,0.33300,0.47900,0.15300,0.00000,1.00000
pygnut,Pygmy Nuthatch,Sitta pygmaea,Forest,NA,0.37000,0.00440,0.36100,0.37800,0.51800,1.00000,0.00000,0.44000,0.00430,0.43100,0.44800,0.79900,1.00000,0.00000
pyrrhu,Pyrrhuloxia,Cardinalis sinuatus,Aridlands,NA,0.37000,0.00330,0.36400,0.37700,0.48000,1.00000,0.00000,0.44000,0.00330,0.43400,0.44600,0.02800,0.00000,1.00000
rebmer,Red-breasted Merganser,Mergus serrator,Water/wetland,NA,0.36300,0.01510,0.33400,0.39300,0.37200,0.00000,0.00000,0.43100,0.01500,0.40200,0.46100,0.30400,0.00000,1.00000
rebnut,Red-breasted Nuthatch,Sitta canadensis,Forest,NA,0.37000,0.00100,0.36800,0.37200,0.53500,1.00000,0.00000,0.44000,0.00100,0.43800,0.44200,0.82600,1.00000,0.00000
rebsap,Red-breasted Sapsucker,Sphyrapicus ruber,Forest,NA,0.37000,0.00270,0.36500,0.37500,0.44600,1.00000,0.00000,0.44000,0.00280,0.43400,0.44500,0.83100,1.00000,0.00000
rebwoo,Red-bellied Woodpecker,Melanerpes carolinus,Forest,NA,0.37000,0.00080,0.36900,0.37100,0.65400,1.00000,0.00000,0.44000,0.00080,0.43800,0.44200,0.62300,1.00000,0.00000
recwoo,Red-cockaded Woodpecker,Dryobates borealis,Forest,NA,0.37000,0.01010,0.35000,0.39000,0.88300,1.00000,0.00000,0.44000,0.01050,0.41900,0.46000,0.83000,1.00000,0.00000
redcro,Red Crossbill,Loxia curvirostra,Forest,NA,0.36900,0.00140,0.36700,0.37200,0.50800,1.00000,0.00000,0.43900,0.00140,0.43600,0.44200,0.85600,1.00000,0.00000
redhea,Redhead,Aythya americana,Water/wetland,NA,0.36500,0.00810,0.35000,0.38100,0.47400,1.00000,0.00000,0.43400,0.00860,0.41700,0.45100,0.36100,0.00000,1.00000
redkno,Red Knot,Calidris canutus,Water/wetland,Tipping Point,0.35600,0.04020,0.27700,0.43400,0.48600,1.00000,0.00000,0.42000,0.03990,0.34200,0.49800,0.24200,0.00000,1.00000
reevir1,Red-eyed Vireo,Vireo olivaceus,Forest,NA,0.37000,0.00090,0.36800,0.37200,0.70600,1.00000,0.00000,0.44000,0.00090,0.43800,0.44200,0.76800,1.00000,0.00000
refwar,Red-faced Warbler,Cardellina rubrifrons,Forest,NA,0.37000,0.01000,0.35000,0.38900,0.47100,1.00000,0.00000,0.44000,0.01030,0.42000,0.46000,0.89400,1.00000,0.00000
rehwoo,Red-headed Woodpecker,Melanerpes erythrocephalus,Forest,Tipping Point,0.37000,0.00090,0.36800,0.37200,0.55000,1.00000,0.00000,0.44000,0.00090,0.43800,0.44200,0.51600,1.00000,0.00000
rengre,Red-necked Grebe,Podiceps grisegena,Water/wetland,NA,0.36100,0.00490,0.35100,0.37000,0.33800,0.00000,1.00000,0.42900,0.00480,0.41900,0.43800,0.35300,0.00000,1.00000
renpha,Red-necked Phalarope,Phalaropus lobatus,Water/wetland,NA,0.36300,0.01420,0.33500,0.39100,0.14300,0.00000,1.00000,0.43000,0.01470,0.40100,0.45900,0.05400,0.00000,1.00000
rensap,Red-naped Sapsucker,Sphyrapicus nuchalis,Forest,NA,0.37000,0.00130,0.36800,0.37300,0.32800,0.00000,1.00000,0.44000,0.00130,0.43700,0.44300,0.56900,1.00000,0.00000
reshaw,Red-shouldered Hawk,Buteo lineatus,Forest,NA,0.37000,0.00090,0.36800,0.37200,0.69300,1.00000,0.00000,0.44000,0.00100,0.43800,0.44200,0.64100,1.00000,0.00000
rethaw,Red-tailed Hawk,Buteo jamaicensis,Habitat Generalist,NA,0.37000,0.00050,0.36900,0.37100,0.37700,1.00000,0.00000,0.44000,0.00050,0.43900,0.44100,0.39900,0.00000,1.00000
retloo,Red-throated Loon,Gavia stellata,Water/wetland,NA,0.35000,0.00820,0.33400,0.36600,0.42400,1.00000,0.00000,0.41600,0.00850,0.40000,0.43300,0.13400,0.00000,1.00000
rewbla,Red-winged Blackbird,Agelaius phoeniceus,Habitat Generalist,NA,0.37000,0.00650,0.35700,0.38200,0.30700,0.00000,1.00000,0.44000,0.00680,0.42700,0.45300,0.31100,0.00000,1.00000
ribgul,Ring-billed Gull,Larus delawarensis,Water/wetland,NA,0.36900,0.00420,0.36100,0.37700,0.32900,0.00000,1.00000,0.43900,0.00430,0.43000,0.44700,0.35700,0.00000,1.00000
rinduc,Ring-necked Duck,Aythya collaris,Water/wetland,NA,0.37000,0.00220,0.36600,0.37400,0.35200,0.00000,1.00000,0.44000,0.00230,0.43500,0.44500,0.40900,0.00000,1.00000
robgro,Rose-breasted Grosbeak,Pheucticus ludovicianus,Forest,NA,0.37000,0.00090,0.36800,0.37200,0.54200,1.00000,0.00000,0.44000,0.00090,0.43800,0.44200,0.59100,1.00000,0.00000
rocsan,Rock Sandpiper,Calidris ptilocnemis,Water/wetland,Tipping Point,0.36000,0.01720,0.32600,0.39300,0.42300,1.00000,0.00000,0.42800,0.01770,0.39400,0.46300,0.03700,0.00000,1.00000
rocwre,Rock Wren,Salpinctes obsoletus,Aridlands,NA,0.37000,0.00110,0.36800,0.37200,0.25500,0.00000,1.00000,0.44000,0.00120,0.43800,0.44200,0.33200,0.00000,1.00000
rolhaw,Rough-legged Hawk,Buteo lagopus,Water/wetland,NA,0.37000,0.00090,0.36800,0.37100,0.24400,0.00000,1.00000,0.44000,0.00090,0.43800,0.44100,0.37600,0.00000,1.00000
rosgoo,Ross's Goose,Anser rossii,Water/wetland,NA,0.37000,0.00470,0.36100,0.37900,0.21000,0.00000,1.00000,0.44000,0.00460,0.43100,0.44900,0.21400,0.00000,1.00000
rosspo1,Roseate Spoonbill,Platalea ajaja,Water/wetland,NA,0.36700,0.00500,0.35700,0.37600,0.39700,1.00000,0.00000,0.43600,0.00530,0.42500,0.44600,0.44400,0.00000,0.00000
rthhum,Ruby-throated Hummingbird,Archilochus colubris,Forest,NA,0.37000,0.00080,0.36800,0.37200,0.66400,1.00000,0.00000,0.44000,0.00090,0.43800,0.44200,0.65900,1.00000,0.00000
ruckin,ruby-crowned kinglet,Corthylio calendula,Forest,NA,0.37000,0.00040,0.36900,0.37100,0.44600,1.00000,0.00000,0.44000,0.00040,0.43900,0.44100,0.54400,1.00000,0.00000
rucspa,Rufous-crowned Sparrow,Aimophila ruficeps,Aridlands,NA,0.37000,0.00320,0.36400,0.37600,0.56800,1.00000,0.00000,0.44000,0.00360,0.43300,0.44700,0.20800,0.00000,1.00000
rudduc,Ruddy Duck,Oxyura jamaicensis,Water/wetland,NA,0.37000,0.00450,0.36100,0.37900,0.33300,0.00000,1.00000,0.44000,0.00480,0.43000,0.44900,0.35600,0.00000,1.00000
rudtur,Ruddy Turnstone,Arenaria interpres,Water/wetland,Tipping Point,0.35100,0.01150,0.32800,0.37300,0.29100,0.00000,1.00000,0.41700,0.01110,0.39500,0.43900,0.16800,0.00000,1.00000
rufgro,Ruffed Grouse,Bonasa umbellus,Forest,NA,0.37000,0.00200,0.36600,0.37400,0.60900,1.00000,0.00000,0.44000,0.00200,0.43600,0.44400,0.94200,1.00000,0.00000
rufhum,Rufous Hummingbird,Selasphorus rufus,Forest,Tipping Point,0.37000,0.00140,0.36700,0.37300,0.36700,0.00000,1.00000,0.44000,0.00150,0.43700,0.44300,0.56900,1.00000,0.00000
rusbla,Rusty Blackbird,Euphagus carolinus,Forest,NA,0.37000,0.00120,0.36800,0.37200,0.33900,0.00000,1.00000,0.44000,0.00120,0.43800,0.44200,0.42100,0.00000,1.00000
saggro,Greater Sage-Grouse,Centrocercus urophasianus,Aridlands,Tipping Point,0.37000,0.00280,0.36400,0.37600,0.11900,0.00000,1.00000,0.44000,0.00290,0.43400,0.44600,0.66800,1.00000,0.00000
sagspa1,Sagebrush Sparrow,Artemisiospiza nevadensis,Aridlands,NA,0.37000,0.00180,0.36600,0.37400,0.11700,0.00000,1.00000,0.44000,0.00190,0.43600,0.44400,0.11300,0.00000,1.00000
sagthr,Sage Thrasher,Oreoscoptes montanus,Aridlands,NA,0.37000,0.00130,0.36700,0.37300,0.18800,0.00000,1.00000,0.44000,0.00140,0.43700,0.44300,0.28600,0.00000,1.00000
sancra,Sandhill Crane,Antigone canadensis,Water/wetland,NA,0.37000,0.00310,0.36400,0.37600,0.29600,0.00000,1.00000,0.44000,0.00310,0.43400,0.44600,0.26000,0.00000,1.00000
sander,Sanderling,Calidris alba,Water/wetland,NA,0.35900,0.01100,0.33700,0.38100,0.52600,1.00000,0.00000,0.42600,0.01160,0.40300,0.44900,0.22100,0.00000,1.00000
savspa,Savannah Sparrow,Passerculus sandwichensis,Grasslands,NA,0.36900,0.00070,0.36800,0.37100,0.29600,0.00000,1.00000,0.43900,0.00070,0.43800,0.44100,0.25200,0.00000,1.00000
saypho,Say's Phoebe,Sayornis saya,Habitat Generalist,NA,0.37000,0.00090,0.36800,0.37200,0.31100,0.00000,1.00000,0.44000,0.00090,0.43800,0.44200,0.22600,0.00000,1.00000
scaqua,Scaled Quail,Callipepla squamata,Aridlands,NA,0.37000,0.00270,0.36500,0.37500,0.49000,1.00000,0.00000,0.44000,0.00300,0.43400,0.44600,0.02400,0.00000,1.00000
scatan,Scarlet Tanager,Piranga olivacea,Forest,NA,0.37000,0.00130,0.36700,0.37200,0.78000,1.00000,0.00000,0.44000,0.00130,0.43700,0.44200,0.82000,1.00000,0.00000
scoori,Scott's Oriole,Icterus parisorum,Forest,NA,0.37000,0.00240,0.36500,0.37500,0.30300,0.00000,1.00000,0.44000,0.00250,0.43500,0.44500,0.05300,0.00000,1.00000
sctfly,Scissor-tailed Flycatcher,Tyrannus forficatus,Grasslands,NA,0.37000,0.00180,0.36700,0.37400,0.54500,1.00000,0.00000,0.44000,0.00180,0.43700,0.44400,0.25100,0.00000,1.00000
sedwre1,sedge wren,Cistothorus stellaris,Grasslands,NA,0.37000,0.00140,0.36700,0.37300,0.30600,0.00000,1.00000,0.44000,0.00140,0.43700,0.44300,0.33900,0.00000,1.00000
semplo,Semipalmated Plover,Charadrius semipalmatus,Water/wetland,NA,0.36700,0.00770,0.35100,0.38200,0.22800,0.00000,1.00000,0.43600,0.00800,0.42000,0.45100,0.24700,0.00000,1.00000
semsan,Semipalmated Sandpiper,Calidris pusilla,Water/wetland,Tipping Point,0.36800,0.00750,0.35300,0.38300,0.21000,0.00000,1.00000,0.43700,0.00760,0.42300,0.45200,0.27300,0.00000,1.00000
shbdow,Short-billed Dowitcher,Limnodromus griseus,Water/wetland,Tipping Point,0.36400,0.01840,0.32800,0.40000,0.30900,0.00000,1.00000,0.43300,0.01860,0.39700,0.47000,0.33800,0.00000,1.00000
sheowl,Short-eared Owl,Asio flammeus,Habitat Generalist,NA,0.37000,0.00130,0.36700,0.37200,0.23200,0.00000,1.00000,0.44000,0.00120,0.43700,0.44200,0.25800,0.00000,1.00000
shshaw,Sharp-shinned Hawk,Accipiter striatus,Forest,NA,0.37000,0.00060,0.36900,0.37100,0.37700,1.00000,0.00000,0.44000,0.00060,0.43900,0.44100,0.52000,1.00000,0.00000
shtgro,Sharp-tailed Grouse,Tympanuchus phasianellus,Grasslands,NA,0.37000,0.00200,0.36600,0.37400,0.45100,1.00000,0.00000,0.44000,0.00210,0.43600,0.44400,0.67900,1.00000,0.00000
smilon,Smith's Longspur,Calcarius pictus,Water/wetland,NA,0.37000,0.00350,0.36300,0.37700,0.25700,0.00000,1.00000,0.44000,0.00390,0.43200,0.44800,0.22000,0.00000,1.00000
snobun,Snow Bunting,Plectrophenax nivalis,Water/wetland,NA,0.36800,0.00140,0.36600,0.37100,0.13600,0.00000,1.00000,0.43800,0.00140,0.43500,0.44100,0.24400,0.00000,1.00000
snoegr,Snowy Egret,Egretta thula,Water/wetland,NA,0.36800,0.00610,0.35600,0.38000,0.36100,0.00000,0.00000,0.43700,0.00630,0.42500,0.44900,0.41600,0.00000,1.00000
snogoo,Snow Goose,Anser caerulescens,Water/wetland,NA,0.37000,0.00280,0.36400,0.37500,0.23800,0.00000,1.00000,0.44000,0.00280,0.43400,0.44500,0.27800,0.00000,1.00000
snoowl1,Snowy Owl,Bubo scandiacus,Water/wetland,Tipping Point,0.36500,0.00280,0.35900,0.37000,0.13500,0.00000,1.00000,0.43300,0.00310,0.42700,0.44000,0.16200,0.00000,1.00000
solsan,Solitary Sandpiper,Tringa solitaria,Water/wetland,NA,0.37000,0.00090,0.36800,0.37200,0.28400,0.00000,1.00000,0.44000,0.00090,0.43800,0.44200,0.32100,0.00000,1.00000
sonspa,Song Sparrow,Melospiza melodia,Habitat Generalist,NA,0.37000,0.00050,0.36900,0.37100,0.47800,1.00000,0.00000,0.44000,0.00050,0.43900,0.44100,0.50600,1.00000,0.00000
soogro1,Sooty Grouse,Dendragapus fuliginosus,Forest,NA,0.37000,0.00460,0.36100,0.37900,0.29700,0.00000,1.00000,0.44000,0.00480,0.43000,0.44900,0.86700,1.00000,0.00000
sora,Sora,Porzana carolina,Water/wetland,NA,0.37000,0.00130,0.36700,0.37300,0.26000,0.00000,1.00000,0.44000,0.00140,0.43700,0.44300,0.29500,0.00000,1.00000
sposan,Spotted Sandpiper,Actitis macularius,Water/wetland,NA,0.37000,0.00070,0.36800,0.37100,0.23800,0.00000,1.00000,0.44000,0.00070,0.43800,0.44100,0.34500,0.00000,1.00000
spotow,Spotted Towhee,Pipilo maculatus,Forest,NA,0.37000,0.00090,0.36800,0.37200,0.45800,1.00000,0.00000,0.44000,0.00090,0.43800,0.44200,0.52100,1.00000,0.00000
sprgro,spruce grouse,Canachites canadensis,Forest,NA,0.37000,0.00170,0.36700,0.37300,0.03300,0.00000,1.00000,0.44000,0.00190,0.43600,0.44400,0.42600,0.00000,1.00000
sprpip,Sprague's Pipit,Anthus spragueii,Grasslands,Tipping Point,0.37000,0.00190,0.36600,0.37400,0.33900,0.00000,1.00000,0.44000,0.00200,0.43600,0.44400,0.43300,0.00000,1.00000
steeid,Steller's Eider,Polysticta stelleri,Water/wetland,NA,0.33200,0.01050,0.31100,0.35200,0.52200,1.00000,0.00000,0.39400,0.01050,0.37300,0.41500,0.00000,0.00000,1.00000
stejay,Steller's Jay,Cyanocitta stelleri,Forest,NA,0.37000,0.00190,0.36600,0.37400,0.53000,1.00000,0.00000,0.44000,0.00190,0.43600,0.44400,0.87700,1.00000,0.00000
stisan,Stilt Sandpiper,Calidris himantopus,Water/wetland,Tipping Point,0.37000,0.00280,0.36400,0.37500,0.21100,0.00000,1.00000,0.44000,0.00290,0.43400,0.44600,0.23300,0.00000,1.00000
sumtan,Summer Tanager,Piranga rubra,Forest,NA,0.37000,0.00110,0.36800,0.37200,0.73600,1.00000,0.00000,0.44000,0.00110,0.43800,0.44200,0.62200,1.00000,0.00000
surfbi,Surfbird,Calidris virgata,Water/wetland,Tipping Point,0.33800,0.00920,0.32000,0.35500,0.55700,1.00000,0.00000,0.40100,0.00970,0.38200,0.42000,0.09400,0.00000,1.00000
sursco,Surf Scoter,Melanitta perspicillata,Water/wetland,NA,0.32700,0.00950,0.30900,0.34600,0.72200,1.00000,0.00000,0.39000,0.00960,0.37100,0.40800,0.20600,0.00000,1.00000
swahaw,Swainson's Hawk,Buteo swainsoni,Grasslands,NA,0.37000,0.00220,0.36600,0.37500,0.43400,1.00000,0.00000,0.44000,0.00230,0.43600,0.44400,0.24900,0.00000,1.00000
swaspa,Swamp Sparrow,Melospiza georgiana,Water/wetland,NA,0.37000,0.00090,0.36800,0.37200,0.46300,1.00000,0.00000,0.44000,0.00090,0.43800,0.44200,0.49400,1.00000,0.00000
swathr,Swainson's Thrush,Catharus ustulatus,Forest,NA,0.37000,0.00080,0.36800,0.37200,0.39200,1.00000,0.00000,0.44000,0.00090,0.43800,0.44200,0.61400,1.00000,0.00000
swawar,Swainson's Warbler,Limnothlypis swainsonii,Forest,NA,0.37000,0.00220,0.36600,0.37400,0.85400,1.00000,0.00000,0.44000,0.00230,0.43500,0.44500,0.76700,1.00000,0.00000
swtkit,Swallow-tailed Kite,Elanoides forficatus,Forest,NA,0.37000,0.00720,0.35600,0.38400,0.66200,1.00000,0.00000,0.44000,0.00730,0.42600,0.45400,0.55700,1.00000,0.00000
tenwar,tennessee warbler,Leiothlypis peregrina,Forest,NA,0.37000,0.00090,0.36800,0.37200,0.56400,1.00000,0.00000,0.44000,0.00090,0.43800,0.44200,0.61300,1.00000,0.00000
towsol,Townsend's Solitaire,Myadestes townsendi,Forest,NA,0.37000,0.00110,0.36800,0.37200,0.36500,0.00000,1.00000,0.44000,0.00110,0.43800,0.44200,0.68300,1.00000,0.00000
towwar,Townsend's Warbler,Setophaga townsendi,Forest,NA,0.37000,0.00170,0.36700,0.37300,0.39300,1.00000,0.00000,0.44000,0.00170,0.43600,0.44300,0.66400,1.00000,0.00000
treswa,Tree Swallow,Tachycineta bicolor,Habitat Generalist,NA,0.37000,0.02770,0.31600,0.42400,0.33900,0.00000,0.00000,0.44000,0.02890,0.38300,0.49600,0.42100,0.00000,0.00000
tribla,Tricolored Blackbird,Agelaius tricolor,Water/wetland,Tipping Point,0.37000,0.01850,0.33400,0.40600,0.64500,1.00000,0.00000,0.44000,0.01930,0.40300,0.47800,0.03000,0.00000,1.00000
triher,Tricolored Heron,Egretta tricolor,Water/wetland,NA,0.36000,0.03130,0.29900,0.42200,0.46000,1.00000,0.00000,0.42800,0.03140,0.36600,0.48900,0.57600,1.00000,0.00000
truswa,Trumpeter Swan,Cygnus buccinator,Water/wetland,NA,0.37000,0.00240,0.36500,0.37500,0.17500,0.00000,1.00000,0.44000,0.00240,0.43500,0.44500,0.46900,1.00000,0.00000
tuftit,Tufted Titmouse,Baeolophus bicolor,Forest,NA,0.37000,0.00100,0.36800,0.37200,0.75600,1.00000,0.00000,0.44000,0.00090,0.43800,0.44200,0.73700,1.00000,0.00000
tunswa,Tundra Swan,Cygnus columbianus,Water/wetland,NA,0.36900,0.00410,0.36100,0.37700,0.12000,0.00000,1.00000,0.43900,0.00430,0.43000,0.44700,0.24000,0.00000,1.00000
turvul,Turkey Vulture,Cathartes aura,Habitat Generalist,NA,0.37000,0.00060,0.36900,0.37100,0.54200,1.00000,0.00000,0.44000,0.00060,0.43900,0.44100,0.45800,1.00000,0.00000
uplsan,Upland Sandpiper,Bartramia longicauda,Grasslands,NA,0.37000,0.00120,0.36800,0.37200,0.46200,1.00000,0.00000,0.44000,0.00120,0.43800,0.44200,0.34900,0.00000,1.00000
varbun,Varied Bunting,Passerina versicolor,Aridlands,NA,0.37000,0.00620,0.35800,0.38200,0.40900,1.00000,0.00000,0.44000,0.00640,0.42800,0.45200,0.01100,0.00000,1.00000
varthr,Varied Thrush,Ixoreus naevius,Forest,NA,0.36900,0.00160,0.36600,0.37200,0.27500,0.00000,1.00000,0.43900,0.00170,0.43600,0.44200,0.63700,1.00000,0.00000
vauswi,Vaux's Swift,Chaetura vauxi,Forest,NA,0.37000,0.00690,0.35600,0.38300,0.47200,1.00000,0.00000,0.44000,0.00700,0.42600,0.45400,0.62800,1.00000,0.00000
veery,Veery,Catharus fuscescens,Forest,NA,0.37000,0.00150,0.36700,0.37300,0.63500,1.00000,0.00000,0.44000,0.00160,0.43700,0.44300,0.82000,1.00000,0.00000
verdin,Verdin,Auriparus flaviceps,Aridlands,NA,0.37000,0.00260,0.36500,0.37500,0.29100,0.00000,1.00000,0.44000,0.00280,0.43400,0.44600,0.01100,0.00000,1.00000
verfly,Vermilion Flycatcher,Pyrocephalus rubinus,Aridlands,NA,0.37000,0.00260,0.36500,0.37500,0.50000,1.00000,0.00000,0.44000,0.00260,0.43500,0.44500,0.05900,0.00000,1.00000
vesspa,Vesper Sparrow,Pooecetes gramineus,Grasslands,NA,0.37000,0.00080,0.36900,0.37200,0.36800,0.00000,1.00000,0.44000,0.00080,0.43800,0.44200,0.39200,0.00000,1.00000
vigswa,Violet-green Swallow,Tachycineta thalassina,Forest,NA,0.37000,0.00120,0.36800,0.37200,0.33700,0.00000,1.00000,0.44000,0.00120,0.43800,0.44200,0.51500,1.00000,0.00000
virrai,Virginia Rail,Rallus limicola,Water/wetland,NA,0.37000,0.00140,0.36700,0.37300,0.31900,0.00000,1.00000,0.44000,0.00160,0.43700,0.44300,0.33200,0.00000,1.00000
virwar,virginia's warbler,Leiothlypis virginiae,Forest,NA,0.37000,0.00210,0.36600,0.37400,0.33200,0.00000,1.00000,0.44000,0.00210,0.43600,0.44400,0.39400,0.00000,1.00000
wantat1,Wandering Tattler,Tringa incana,Water/wetland,Tipping Point,0.36100,0.00310,0.35500,0.36700,0.07800,0.00000,1.00000,0.43000,0.00330,0.42300,0.43600,0.04800,0.00000,1.00000
warvir,Warbling Vireo,Vireo gilvus,Forest,NA,0.37000,0.00070,0.36900,0.37100,0.37100,0.00000,0.00000,0.44000,0.00070,0.43900,0.44100,0.56700,1.00000,0.00000
wesblu,Western Bluebird,Sialia mexicana,Forest,NA,0.37000,0.00160,0.36700,0.37300,0.44500,1.00000,0.00000,0.44000,0.00180,0.43600,0.44300,0.39100,0.00000,1.00000
wesgre,Western Grebe,Aechmophorus occidentalis,Water/wetland,Tipping Point,0.36600,0.01140,0.34400,0.38900,0.51400,1.00000,0.00000,0.43500,0.01210,0.41200,0.45900,0.48400,1.00000,0.00000
weskin,Western Kingbird,Tyrannus verticalis,Grasslands,NA,0.37000,0.00120,0.36800,0.37200,0.36700,0.00000,1.00000,0.44000,0.00130,0.43700,0.44200,0.22000,0.00000,1.00000
wesmea,Western Meadowlark,Sturnella neglecta,Grasslands,NA,0.37000,0.00090,0.36800,0.37200,0.41700,1.00000,0.00000,0.44000,0.00090,0.43800,0.44200,0.43300,0.00000,1.00000
wesowl1,Western Screech-Owl,Megascops kennicottii,Forest,NA,0.37000,0.00290,0.36400,0.37600,0.42100,1.00000,0.00000,0.44000,0.00320,0.43400,0.44600,0.35600,0.00000,1.00000
wessan,Western Sandpiper,Calidris mauri,Water/wetland,NA,0.36500,0.01100,0.34400,0.38700,0.34700,0.00000,0.00000,0.43500,0.01120,0.41300,0.45700,0.17700,0.00000,1.00000
westan,Western Tanager,Piranga ludoviciana,Forest,NA,0.37000,0.00090,0.36800,0.37200,0.36700,0.00000,1.00000,0.44000,0.00100,0.43800,0.44200,0.57100,1.00000,0.00000
wewpew,Western Wood-Pewee,Contopus sordidulus,Forest,NA,0.37000,0.00090,0.36800,0.37200,0.37700,1.00000,0.00000,0.44000,0.00090,0.43800,0.44200,0.51000,1.00000,0.00000
whbnut,White-breasted Nuthatch,Sitta carolinensis,Forest,NA,0.37000,0.00090,0.36800,0.37200,0.63400,1.00000,0.00000,0.44000,0.00100,0.43800,0.44200,0.68500,1.00000,0.00000
whcspa,White-crowned Sparrow,Zonotrichia leucophrys,Habitat Generalist,NA,0.37000,0.00060,0.36900,0.37100,0.29900,0.00000,1.00000,0.44000,0.00060,0.43900,0.44100,0.26900,0.00000,1.00000
whevir,White-eyed Vireo,Vireo griseus,Forest,NA,0.37000,0.00110,0.36800,0.37200,0.75200,1.00000,0.00000,0.44000,0.00110,0.43800,0.44200,0.66000,1.00000,0.00000
whfibi,White-faced Ibis,Plegadis chihi,Water/wetland,NA,0.37000,0.00500,0.36000,0.38000,0.16000,0.00000,1.00000,0.44000,0.00510,0.43000,0.45000,0.18500,0.00000,1.00000
whhwoo,White-headed Woodpecker,Dryobates albolarvatus,Forest,NA,0.37000,0.00670,0.35700,0.38300,0.73100,1.00000,0.00000,0.44000,0.00680,0.42700,0.45300,0.95000,1.00000,0.00000
whiibi,White Ibis,Eudocimus albus,Water/wetland,NA,0.36800,0.00510,0.35800,0.37800,0.46800,1.00000,0.00000,0.43700,0.00540,0.42700,0.44800,0.51500,1.00000,0.00000
whimbr,Whimbrel,Numenius phaeopus,Water/wetland,Tipping Point,0.36900,0.00570,0.35800,0.38000,0.17300,0.00000,1.00000,0.43800,0.00600,0.42600,0.45000,0.11700,0.00000,1.00000
whrsan,White-rumped Sandpiper,Calidris fuscicollis,Water/wetland,NA,0.37000,0.00260,0.36500,0.37500,0.23700,0.00000,1.00000,0.44000,0.00280,0.43400,0.44500,0.23800,0.00000,1.00000
whtkit,White-tailed Kite,Elanus leucurus,Habitat Generalist,NA,0.37000,0.00920,0.35200,0.38800,0.32000,0.00000,1.00000,0.44000,0.00950,0.42200,0.45900,0.18100,0.00000,1.00000
whtspa,White-throated Sparrow,Zonotrichia albicollis,Forest,NA,0.37000,0.00070,0.36800,0.37100,0.56700,1.00000,0.00000,0.44000,0.00080,0.43800,0.44100,0.58800,1.00000,0.00000
whtswi,White-throated Swift,Aeronautes saxatalis,Aridlands,NA,0.37000,0.00180,0.36600,0.37400,0.29300,0.00000,1.00000,0.44000,0.00190,0.43600,0.44400,0.32800,0.00000,1.00000
whwcro,White-winged Crossbill,Loxia leucoptera,Forest,NA,0.36900,0.00140,0.36700,0.37200,0.09200,0.00000,1.00000,0.43900,0.00150,0.43600,0.44200,0.25900,0.00000,1.00000
whwdov,White-winged Dove,Zenaida asiatica,Aridlands,NA,0.37000,0.00240,0.36500,0.37500,0.38900,1.00000,0.00000,0.44000,0.00260,0.43500,0.44500,0.05500,0.00000,1.00000
whwsco2,white-winged scoter,Melanitta deglandi,Water/wetland,NA,0.33900,0.00840,0.32300,0.35600,0.49500,1.00000,0.00000,0.40300,0.00930,0.38500,0.42200,0.16200,0.00000,1.00000
wilfly,Willow Flycatcher,Empidonax traillii,Forest,NA,0.37000,0.00090,0.36800,0.37200,0.35100,0.00000,1.00000,0.44000,0.00090,0.43800,0.44200,0.39100,0.00000,1.00000
willet1,Willet,Tringa semipalmata,Water/wetland,NA,0.36600,0.00680,0.35200,0.37900,0.32000,0.00000,1.00000,0.43400,0.00700,0.42000,0.44800,0.33600,0.00000,1.00000
wilpha,Wilson's Phalarope,Phalaropus tricolor,Water/wetland,NA,0.37000,0.01770,0.33600,0.40500,0.08300,0.00000,1.00000,0.43900,0.01850,0.40200,0.47500,0.08900,0.00000,1.00000
wilpta,Willow Ptarmigan,Lagopus lagopus,Water/wetland,NA,0.36900,0.00180,0.36600,0.37300,0.00300,0.00000,1.00000,0.43900,0.00180,0.43600,0.44300,0.05300,0.00000,1.00000
wilsap,Williamson's Sapsucker,Sphyrapicus thyroideus,Forest,NA,0.37000,0.00220,0.36600,0.37400,0.46400,1.00000,0.00000,0.44000,0.00230,0.43600,0.44400,0.83000,1.00000,0.00000
wilsni1,Wilson's Snipe,Gallinago delicata,Water/wetland,NA,0.37000,0.00090,0.36800,0.37200,0.19000,0.00000,1.00000,0.44000,0.00100,0.43800,0.44200,0.26400,0.00000,1.00000
wiltur,Wild Turkey,Meleagris gallopavo,Forest,NA,0.37000,0.00090,0.36800,0.37200,0.61700,1.00000,0.00000,0.44000,0.00090,0.43800,0.44200,0.58100,1.00000,0.00000
winwre3,Winter Wren,Troglodytes hiemalis,Forest,NA,0.37000,0.00110,0.36800,0.37200,0.65400,1.00000,0.00000,0.44000,0.00110,0.43800,0.44200,0.76000,1.00000,0.00000
wlswar,Wilson's Warbler,Cardellina pusilla,Forest,NA,0.37000,0.00060,0.36900,0.37100,0.26600,0.00000,1.00000,0.44000,0.00060,0.43900,0.44100,0.31000,0.00000,1.00000
woewar1,Worm-eating Warbler,Helmitheros vermivorum,Forest,NA,0.37000,0.00210,0.36600,0.37400,0.85800,1.00000,0.00000,0.44000,0.00230,0.43500,0.44400,0.87700,1.00000,0.00000
wooduc,Wood Duck,Aix sponsa,Water/wetland,NA,0.37000,0.00080,0.36800,0.37200,0.46300,1.00000,0.00000,0.44000,0.00080,0.43800,0.44200,0.47700,1.00000,0.00000
wooscj2,Woodhouse's Scrub-Jay,Aphelocoma woodhouseii,Forest,NA,0.37000,0.00230,0.36500,0.37400,0.29300,0.00000,1.00000,0.44000,0.00240,0.43500,0.44500,0.20000,0.00000,1.00000
woosto,Wood Stork,Mycteria americana,Water/wetland,NA,0.37000,0.00580,0.35900,0.38200,0.47500,1.00000,0.00000,0.44000,0.00580,0.42900,0.45200,0.47800,1.00000,0.00000
woothr,Wood Thrush,Hylocichla mustelina,Forest,Tipping Point,0.37000,0.00110,0.36800,0.37200,0.75000,1.00000,0.00000,0.44000,0.00120,0.43800,0.44200,0.75300,1.00000,0.00000
wrenti,Wrentit,Chamaea fasciata,Aridlands,NA,0.37000,0.00470,0.36100,0.37900,0.72600,1.00000,0.00000,0.44000,0.00520,0.43000,0.45000,0.84000,1.00000,0.00000
y00475,American Coot,Fulica americana,Water/wetland,NA,0.37000,0.00390,0.36200,0.37700,0.28000,0.00000,1.00000,0.44000,0.00390,0.43200,0.44700,0.36700,0.00000,1.00000
y00678,crested caracara,Caracara plancus,Aridlands,NA,0.37000,0.00370,0.36300,0.37700,0.44600,1.00000,0.00000,0.44000,0.00370,0.43300,0.44700,0.11300,0.00000,1.00000
yebcha,Yellow-breasted Chat,Icteria virens,Forest,NA,0.37000,0.00090,0.36800,0.37200,0.61900,1.00000,0.00000,0.44000,0.00100,0.43800,0.44200,0.53400,1.00000,0.00000
yebcuc,Yellow-billed Cuckoo,Coccyzus americanus,Forest,NA,0.37000,0.00080,0.36900,0.37100,0.65900,1.00000,0.00000,0.44000,0.00080,0.43800,0.44200,0.57800,1.00000,0.00000
yebfly,Yellow-bellied Flycatcher,Empidonax flaviventris,Forest,NA,0.37000,0.00180,0.36600,0.37300,0.43000,1.00000,0.00000,0.44000,0.00190,0.43600,0.44400,0.68200,1.00000,0.00000
yebloo,Yellow-billed Loon,Gavia adamsii,Water/wetland,Tipping Point,0.35800,0.00380,0.35100,0.36600,0.06700,0.00000,1.00000,0.42600,0.00400,0.41800,0.43400,0.00600,0.00000,1.00000
yebmag,Yellow-billed Magpie,Pica nuttalli,Forest,Tipping Point,0.37000,0.01380,0.34300,0.39700,0.57600,1.00000,0.00000,0.44000,0.01400,0.41200,0.46800,0.27600,0.00000,1.00000
yebsap,Yellow-bellied Sapsucker,Sphyrapicus varius,Forest,NA,0.37000,0.00090,0.36800,0.37200,0.68200,1.00000,0.00000,0.44000,0.00090,0.43800,0.44200,0.72400,1.00000,0.00000
yehbla,Yellow-headed Blackbird,Xanthocephalus xanthocephalus,Water/wetland,NA,0.37000,0.00440,0.36200,0.37900,0.32100,0.00000,1.00000,0.44000,0.00440,0.43100,0.44900,0.16100,0.00000,1.00000
yelwar,Yellow Warbler,Setophaga petechia,Forest,NA,0.37000,0.00050,0.36900,0.37100,0.34100,0.00000,1.00000,0.44000,0.00050,0.43900,0.44100,0.42100,0.00000,1.00000
yerwar,Yellow-rumped Warbler,Setophaga coronata,Forest,NA,0.37000,0.00040,0.36900,0.37100,0.42900,1.00000,0.00000,0.44000,0.00040,0.43900,0.44100,0.50900,1.00000,0.00000
yetvir,Yellow-throated Vireo,Vireo flavifrons,Forest,NA,0.37000,0.00100,0.36800,0.37200,0.71900,1.00000,0.00000,0.44000,0.00100,0.43800,0.44200,0.70100,1.00000,0.00000
yetwar,Yellow-throated Warbler,Setophaga dominica,Forest,NA,0.37000,0.00150,0.36700,0.37300,0.77800,1.00000,0.00000,0.44000,0.00150,0.43700,0.44300,0.76300,1.00000,0.00000
